,id,text,node,district,edge,path,landmark,label_vector
0,3341809309,Copley Square,1,1,0,1,1,1
1,3341809381,Copley Square,1,1,0,1,1,1
2,3341809503,Copley Square,1,1,0,1,1,1
3,3341809855,Copley Square,1,1,0,1,1,1
4,3341810009,Copley Square,1,1,0,1,1,1
5,3341810139,Copley Square,1,1,0,1,1,1
6,3341810417,Copley Square,1,1,0,1,1,1
7,3341810517,Copley Square,1,0,0,1,0,1
8,3341810605,Copley Square,1,0,0,1,0,1
9,3341810877,Copley Square,1,1,0,1,1,1
10,3342643546,Copley Square,1,1,0,1,1,1
11,3342643624,Copley Square,1,1,0,1,1,1
12,3342643682,Copley Square,1,1,0,1,1,1
13,3342643782,Copley Square,1,1,0,1,1,1
14,3342643862,Copley Square,1,1,0,1,1,1
15,3342643942,Copley Square,1,1,0,1,1,1
16,3342644116,Copley Square,1,1,0,1,1,1
17,3342644246,Copley Square,1,1,0,1,1,1
18,3342644296,Copley Square,1,1,0,1,1,1
19,3342644356,Copley Square,1,1,0,1,1,1
20,3342644420,Copley Square,1,1,0,1,1,1
21,3342644936,Copley Square,1,1,0,1,1,1
22,3342645044,Copley Square,1,0,0,0,0,0
23,3342645442,Copley Square,1,0,0,1,0,1
24,3342645516,Copley Square,1,1,0,1,1,1
25,3346182527,Copley Square,1,0,0,1,0,1
26,3347018754,Copley Square,1,0,0,1,0,1
27,3364819565,Copley Square,1,1,0,1,1,1
28,3364822047, ,0,1,0,1,1,1
29,3364822163,Copley Square,1,0,0,1,0,1
30,3364822543,Copley Square,1,0,0,1,0,1
31,3364822679,Copley Square,1,1,0,1,1,1
32,3364822797,Copley Square,1,1,0,1,1,1
33,3364822959, ,0,1,0,1,1,1
34,3364823237, ,0,1,0,1,1,1
35,3364823355, ,0,1,0,1,1,1
36,3364848803, ,0,1,0,1,1,1
37,3364848947, ,0,0,0,1,0,1
38,3364849099, ,0,1,0,1,1,1
39,3364849255, ,0,1,0,1,1,1
40,3364849813,Copley Square,1,0,0,1,0,1
41,3364850253,Copley Square,1,0,0,1,0,1
42,3364865499,Copley Square,1,0,0,1,0,1
43,3364865645,Copley Square,1,0,0,1,0,1
44,3364865811,Copley Square,1,0,0,1,0,1
45,3364865831,Copley Square,1,1,0,1,1,1
46,3364866027,Copley Square,1,0,0,1,0,1
47,3364866181,Copley Square,1,0,0,1,0,1
48,3364866469,Copley Square,1,0,0,1,0,1
49,3364880019,Copley Square,1,1,0,1,1,1
50,3364888471,Copley Square,1,1,0,1,1,1
51,3364938311,Copley Square,1,0,0,1,0,1
52,3364938437,Copley Square,1,0,0,1,0,1
53,3364938707,Copley Square,1,0,0,1,0,1
54,3364973271,Copley Square,1,0,0,1,0,1
55,3364973441,Copley Square,1,0,0,1,0,1
56,3364973751,Copley Square,1,0,0,1,0,1
57,3364974079,Copley Square,1,0,0,1,0,1
58,3364974247,Copley Square,1,0,0,1,0,1
59,3365014021,Copley Square,1,0,0,1,0,1
60,3365014157,Copley Square,1,0,0,1,0,1
61,3365014513,Copley Square,1,0,0,1,0,1
62,3365044623, ,0,0,0,0,0,0
63,3365044793, ,0,0,0,0,0,0
64,3365044969, ,0,0,0,0,0,0
65,3365045203, ,0,0,0,0,0,0
66,3365045365, ,0,0,0,0,0,0
67,3365045517, ,0,0,0,0,0,0
68,3365046231, ,0,1,0,1,1,1
69,3365057001, ,0,1,0,1,1,1
70,3365057205, ,0,1,0,1,1,1
71,3365058069, ,0,1,0,1,1,1
72,3365058209, ,0,1,0,1,1,1
73,3365090671, ,0,0,0,1,0,1
74,3365090839, ,0,1,0,1,1,1
75,3365108127, ,0,1,0,1,1,1
76,3365108451, ,0,1,0,1,1,1
77,3365109049, ,0,1,0,1,1,1
78,3365543190,Copley Square,1,0,0,1,0,1
79,3365643592,Copley Square,1,0,0,1,0,1
80,3365644288, ,0,1,0,1,1,1
81,3365664462,Copley Square,1,1,0,1,1,1
82,3365670404, ,0,1,0,1,1,1
83,3365671348,Copley Square,1,0,0,1,0,1
84,3365671510,Copley Square,1,0,0,1,0,1
85,3365671948, ,0,1,0,1,1,1
86,3365688500,Copley Square,1,0,0,1,0,1
87,3365688766,Copley Square,1,0,0,1,0,1
88,3365688878,Copley Square,1,0,0,1,0,1
89,3365689012,Copley Square,1,0,0,1,0,1
90,3365753508,Copley Square,1,1,0,1,1,1
91,3365760346,Copley Square,1,0,0,1,0,1
92,3365760772,Copley Square,1,0,0,1,0,1
93,3365761050,Copley Square,1,0,0,1,0,1
94,3365761174,Copley Square,1,0,0,1,0,1
95,3365761334,Copley Square,1,0,0,1,0,1
96,3365761512,Copley Square,1,0,0,1,0,1
97,3365761694,Copley Square,1,0,0,1,0,1
98,3365795426,Copley Square,1,0,0,1,0,1
99,3365795886,Copley Square,1,0,0,1,0,1
100,3365796750,Copley Square,1,0,0,1,0,1
101,3365796944,Copley Square,1,0,0,1,0,1
102,3365797132,Copley Square,1,0,0,1,0,1
103,3365836310,Copley Square,1,0,0,1,0,1
104,3365836442,Copley Square,1,0,0,1,0,1
105,3365836732,Copley Square,1,0,0,1,0,1
106,3365836864, ,0,0,0,0,0,0
107,3365837100, ,0,0,0,0,0,0
108,3365837260, ,0,0,0,0,0,0
109,3365837444, ,0,0,0,0,0,0
110,3365867384, ,0,0,0,0,0,0
111,3365867524, ,0,1,0,1,1,1
112,3365867742, ,0,1,0,1,1,1
113,3365878744, ,0,1,0,1,1,1
114,3365879150, ,0,1,0,1,1,1
115,3365879320, ,0,1,0,1,1,1
116,3365879468, ,0,1,0,1,1,1
117,3365879596, ,0,1,0,1,1,1
118,3365879760, ,0,1,0,1,1,1
119,3365907748, ,0,1,0,1,1,1
120,3365907878, ,0,1,0,1,1,1
121,3365908026, ,0,1,0,1,1,1
122,3365908196, ,0,1,0,1,1,1
123,3365913056, ,0,1,0,1,1,1
124,3365913180,Boston Public Garden,1,1,0,1,1,1
125,3365930384, ,0,1,0,1,1,1
126,3365930758, ,0,1,0,1,1,1
127,3365930990, ,0,1,0,1,1,1
128,3365931302, ,0,1,0,1,1,1
129,3365931406, ,0,1,0,1,1,1
130,3365931536, ,0,1,0,1,1,1
131,3365931654,Boston Public Garden,1,1,0,1,1,1
132,3365949568, ,0,1,0,1,1,1
133,3370573239,Copley Square,1,1,0,1,1,1
134,3370583597,Copley Square,1,1,0,1,1,1
135,3370591321,Copley Square,1,1,0,1,1,1
136,3370599817,Copley Square,1,1,0,1,1,1
137,3370607171,Copley Square,1,1,0,1,1,1
138,3370614141,Copley Square,1,1,0,1,1,1
139,3370619641,Copley Square,1,1,0,1,1,1
140,3370639387,Copley Square,1,1,0,1,1,1
141,3371446764,Copley Square,1,1,0,1,1,1
142,3371455480,Copley Square,1,1,0,1,1,1
143,3371466330,Copley Square,1,1,0,1,1,1
144,3371470552,Copley Square,1,0,0,0,0,0
145,3371476950,Copley Square,1,0,0,0,0,0
146,3371482440,Copley Square,1,0,0,0,0,0
147,3371489226,Copley Square,1,0,0,0,0,0
148,3371493594,Copley Square,1,0,0,0,0,0
149,3371498128,Copley Square,1,0,0,0,0,0
150,3371503040,Copley Square,1,0,0,0,0,0
151,3371507044,Copley Square,1,0,0,0,0,0
152,3371512206,Copley Square,1,0,0,0,0,0
153,3371515946,Copley Square,1,0,0,0,0,0
154,3381533451,Copley Square,1,0,0,1,0,1
155,3381608953,Copley Square,1,0,0,0,0,0
156,3381609109, ,0,0,0,0,0,0
157,3381609299, ,0,0,0,0,0,0
158,3381609499, ,0,0,0,0,0,0
159,3381609861, ,0,0,0,0,0,0
160,3381610165,Copley Square,1,0,0,0,0,0
161,3381610337,Copley Square,1,0,0,1,0,1
162,3381610539, ,0,0,0,0,0,0
163,3381625621,Copley Square,1,0,0,1,0,1
164,3381625837,Copley Square,1,0,0,1,0,1
165,3381626149,Copley Square,1,0,0,1,0,1
166,3381626689,Copley Square,1,0,0,0,0,0
167,3381626853,Copley Square,1,0,0,0,0,0
168,3381627013,Copley Square,1,0,0,0,0,0
169,3381641257, ,0,1,0,1,1,1
170,3381641405, ,0,1,0,1,1,1
171,3381641609, ,0,1,0,1,1,1
172,3381641765, ,0,1,0,1,1,1
173,3381680987, ,0,1,0,1,1,1
174,3381681149, ,0,1,0,1,1,1
175,3381681885, ,0,1,0,1,1,1
176,3381682053, ,0,1,0,1,1,1
177,3381682407, ,0,1,0,1,1,1
178,3381682563, ,0,1,0,1,1,1
179,3381706663, ,0,1,0,1,1,1
180,3381706815, ,0,1,0,1,1,1
181,3381706965, ,0,1,0,1,1,1
182,3381707477, ,0,0,0,1,0,1
183,3381707603, ,0,0,0,1,0,1
184,3381731133, ,0,0,0,1,0,1
185,3381731313, ,0,0,0,1,0,1
186,3381731479, ,0,0,0,0,0,0
187,3381731631, ,0,0,0,0,0,0
188,3381731741, ,0,1,0,1,1,1
189,3381731881, ,0,1,0,1,1,1
190,3381731971, ,0,1,0,1,1,1
191,3381732125, ,0,1,0,1,1,1
192,3381732285, ,0,1,0,1,1,1
193,3381781519, ,0,1,0,1,1,1
194,3381782025, ,0,1,0,1,1,1
195,3381782201, ,0,1,0,1,1,1
196,3381782393, ,0,1,0,1,1,1
197,3381782603, ,0,1,0,1,1,1
198,3381798463, ,0,1,0,1,1,1
199,3381799009, ,0,1,0,1,1,1
200,3381799157, ,0,1,0,1,1,1
201,3381799247, ,0,1,0,1,1,1
202,3381799727, ,0,1,0,1,1,1
203,3381820397, ,0,1,0,1,1,1
204,3381820511, ,0,1,0,1,1,1
205,3381820673, ,0,1,0,1,1,1
206,3381821169, ,0,1,0,1,1,1
207,3381821467, ,0,1,0,1,1,1
208,3381821629, ,0,1,0,1,1,1
209,3381821789, ,0,0,0,1,0,1
210,3381864509, ,0,0,0,1,0,1
211,3381864651, ,0,0,0,1,0,1
212,3381864835, ,0,0,0,0,0,0
213,3381865119, ,0,1,0,0,1,0
214,3381865221, ,0,1,0,1,1,1
215,3381865735, ,0,1,0,0,1,0
216,3381881225, ,0,1,0,1,1,1
217,3381881353, ,0,1,0,1,1,1
218,3381881789, ,0,0,0,1,0,1
219,3381881943, ,0,0,0,1,0,1
220,3381882127, ,0,0,0,1,0,1
221,3381905553, ,0,1,0,1,1,1
222,3381905921, ,0,1,0,1,1,1
223,3381906031, ,0,1,0,1,1,1
224,3381906283, ,0,1,0,1,1,1
225,3381906415, ,0,1,0,1,1,1
226,3381906703, ,0,1,0,1,1,1
227,3381906817, ,0,1,0,1,1,1
228,3381943473, ,0,1,0,1,1,1
229,3381943671, ,0,1,0,1,1,1
230,3381943879, ,0,1,0,1,1,1
231,3381944051, ,0,1,0,1,1,1
232,3381944505, ,0,1,0,1,1,1
233,3381944617, ,0,1,0,1,1,1
234,3381963193, ,0,1,0,1,1,1
235,3381963403, ,0,1,0,1,1,1
236,3381963879, ,0,0,0,1,0,1
237,3381964161,Copley Square,1,0,0,0,0,0
238,3381964413, ,0,0,0,0,0,0
239,3381965465,Copley Square,1,0,0,1,0,1
240,3381979017,Copley Square,1,1,0,1,1,1
241,3381979227, ,0,0,0,0,0,0
242,3381979457, ,0,0,0,0,0,0
243,3381979697, ,0,0,0,0,0,0
244,3381980189, ,0,0,0,0,0,0
245,3381980359, ,0,0,0,0,0,0
246,3381980649, ,0,0,0,0,0,0
247,3381980869, ,0,0,0,0,0,0
248,3382002403, ,0,0,0,0,0,0
249,3382002667, ,0,0,0,0,0,0
250,3382003429, ,0,0,0,0,0,0
251,3382004143, ,0,0,0,0,0,0
252,3382004397, ,0,0,0,0,0,0
253,3382351726, ,0,1,0,1,1,1
254,3382351884, ,0,1,0,1,1,1
255,3382352146,Copley Square,1,0,0,1,0,1
256,3382352238,Copley Square,1,0,0,1,0,1
257,3382352392,Copley Square,1,0,0,1,0,1
258,3382352500,Copley Square,1,0,0,1,0,1
259,3382352590,Copley Square,1,0,0,1,0,1
260,3382352722,Copley Square,1,0,0,1,0,1
261,3382352792,Copley Square,1,0,0,1,0,1
262,3382428366, ,0,0,0,0,0,0
263,3382428718, ,0,0,0,0,0,0
264,3382444270, ,0,0,0,0,0,0
265,3382444794, ,0,0,0,0,0,0
266,3382445150,Copley Square,1,0,0,0,0,0
267,3382445318,Copley Square,1,0,0,1,0,1
268,3382459180,Copley Square,1,0,0,0,0,0
269,3382459372,Copley Square,1,0,0,0,0,0
270,3382459560,Copley Square,1,0,0,0,0,0
271,3382459712, ,0,1,0,1,1,1
272,3382460488, ,0,1,0,1,1,1
273,3382460738, ,0,1,0,1,1,1
274,3382499470, ,0,1,0,1,1,1
275,3382499672, ,0,1,0,1,1,1
276,3382499856, ,0,1,0,1,1,1
277,3382500304, ,0,1,0,1,1,1
278,3382524410, ,0,1,0,1,1,1
279,3382524574, ,0,1,0,1,1,1
280,3382525266, ,0,1,0,1,1,1
281,3382525400, ,0,0,0,1,0,1
282,3382525914, ,0,0,0,1,0,1
283,3382550390, ,0,1,0,1,1,1
284,3382599552, ,0,1,0,1,1,1
285,3382599924, ,0,1,0,1,1,1
286,3382600076, ,0,1,0,1,1,1
287,3382600772, ,0,1,0,1,1,1
288,3382616654, ,0,1,0,1,1,1
289,3382616794, ,0,1,0,1,1,1
290,3382617366, ,0,1,0,1,1,1
291,3382617472, ,0,1,0,1,1,1
292,3382617572, ,0,1,0,1,1,1
293,3382639032, ,0,1,0,1,1,1
294,3382639188, ,0,1,0,1,1,1
295,3382639522, ,0,1,0,1,1,1
296,3382682736, ,0,0,0,0,0,0
297,3382683236, ,0,0,0,0,0,0
298,3382683686, ,0,1,0,1,1,1
299,3382683898, ,0,1,0,1,1,1
300,3382698718, ,0,1,0,0,1,0
301,3382698960, ,0,1,0,0,1,0
302,3382699530, ,0,0,0,1,0,1
303,3382723642, ,0,1,0,1,1,1
304,3382724028, ,0,1,0,1,1,1
305,3382724424, ,0,1,0,1,1,1
306,3382761998, ,0,1,0,1,1,1
307,3382762106, ,0,1,0,1,1,1
308,3382762610, ,0,1,0,1,1,1
309,3382762764, ,0,1,0,1,1,1
310,3382781354, ,0,1,0,1,1,1
311,3382782446,Copley Square,1,0,0,0,0,0
312,3382782668, ,0,1,0,0,1,0
313,3382783006,Copley Square,1,0,0,0,0,0
314,3382796488, ,0,0,0,0,0,0
315,3382797554, ,0,0,0,0,0,0
316,3382820518,Boston Public Garden,1,0,0,0,0,0
317,3382820704,Boston Common,1,0,0,0,0,0
318,3382821146, ,0,0,0,0,0,0
319,3382821412, ,0,1,0,0,1,0
320,3382822136, ,0,0,0,0,0,0
321,3384298333, ,0,0,0,0,0,0
322,3384298455, ,0,0,0,0,0,0
323,3384299035, ,0,0,0,0,0,0
324,3384299183, ,0,0,0,0,0,0
325,3384325153,Louisburg Square,1,1,0,1,1,1
326,3384325365, ,0,0,0,1,0,1
327,3384325885,Louisburg Square,1,1,0,1,1,1
328,3384326095,Louisburg Square,1,1,0,1,1,1
329,3384326495, ,0,1,0,1,1,1
330,3384343549, ,0,0,0,0,0,0
331,3384343747, ,0,0,0,0,0,0
332,3384343989, ,0,0,1,1,0,1
333,3384344221, ,0,1,0,1,1,1
334,3384344373,Louisburg Square,1,1,0,1,1,1
335,3384344675,Louisburg Square,1,1,0,1,1,1
336,3384357905, ,0,1,0,0,1,0
337,3384358873, ,0,1,0,1,1,1
338,3384359013,Louisburg Square,1,1,0,1,1,1
339,3384372107,Louisburg Square,1,1,0,0,1,0
340,3384372505,Louisburg Square,1,1,0,1,1,1
341,3384372641,Louisburg Square,1,1,0,1,1,1
342,3384372845,Louisburg Square,1,1,0,0,1,0
343,3384373549,Louisburg Square,1,1,0,0,1,0
344,3384373855,Louisburg Square,1,1,0,0,1,0
345,3384374053,Louisburg Square,1,1,0,1,1,1
346,3384386607,Louisburg Square,1,1,0,0,1,0
347,3384386825,Louisburg Square,1,1,0,1,1,1
348,3384387549,Boston Common,1,0,0,1,0,1
349,3384387667, ,0,1,0,1,1,1
350,3384388123,Louisburg Square,1,1,0,1,1,1
351,3384401615, ,0,1,0,1,1,1
352,3384401797, ,0,1,0,1,1,1
353,3384401939, ,0,1,0,1,1,1
354,3384402071, ,0,1,0,1,1,1
355,3384402321, ,0,1,0,1,1,1
356,3384402453, ,0,1,0,1,1,1
357,3384402605, ,0,1,0,1,1,1
358,3384402747, ,0,1,0,1,1,1
359,3384402939, ,0,1,0,1,1,1
360,3384423897,Boston Common,1,1,0,1,1,1
361,3384424055, ,0,1,0,1,1,1
362,3384427741, ,0,1,0,1,1,1
363,3384427895, ,0,1,0,1,1,1
364,3384428033, ,0,1,0,1,1,1
365,3384434793, ,0,0,0,0,0,0
366,3384499381, ,0,1,0,1,1,1
367,3384499565, ,0,1,0,1,1,1
368,3384499783, ,0,1,0,0,1,0
369,3384500163, ,0,1,0,0,1,0
370,3384500301, ,0,0,0,0,0,0
371,3384529647, ,0,1,0,0,1,0
372,3384530209, ,0,1,0,1,1,1
373,3384530807, ,0,1,0,1,1,1
374,3384530963,Boston Common,1,1,0,1,1,1
375,3384544963, ,0,1,0,1,1,1
376,3384545133, ,0,1,0,0,1,0
377,3384545537, ,0,1,0,1,1,1
378,3384545655, ,0,1,0,0,1,0
379,3384545815, ,0,1,0,1,1,1
380,3384603593, ,0,1,0,0,1,0
381,3384603901,Boston Common,1,0,0,0,0,0
382,3384604519,Boston Common,1,0,0,0,0,0
383,3384604785,Boston Common,1,0,0,0,0,0
384,3384605291,Boston Public Garden,1,0,0,1,0,1
385,3384605779,Boston Common,1,0,0,0,0,0
386,3384649341,Boston Public Garden,1,0,0,1,0,1
387,3384649615,Boston Public Garden,1,0,0,0,0,0
388,3384649881,Boston Public Garden,1,0,0,0,0,0
389,3384650091,Boston Public Garden,1,0,0,0,0,0
390,3384650627,Boston Public Garden,1,0,0,0,0,0
391,3384667555,Boston Public Garden,1,0,0,0,0,0
392,3384668161,Boston Common,1,0,0,0,0,0
393,3384668705,Boston Common,1,0,0,0,0,0
394,3384669419,Boston Public Garden,1,1,0,1,1,1
395,3384669577,Boston Public Garden,1,1,0,1,1,1
396,3384688423,Boston Public Garden,1,0,0,1,0,1
397,3384689287, ,0,0,1,1,0,1
398,3384689605, ,0,0,0,0,0,0
399,3384726571, ,0,1,0,1,1,1
400,3384726727, ,0,1,0,1,1,1
401,3384726845, ,0,1,0,1,1,1
402,3384726991, ,0,1,0,1,1,1
403,3384727221, ,0,1,0,1,1,1
404,3384727335, ,0,1,0,1,1,1
405,3384727445, ,0,1,0,0,1,0
406,3384727511, ,0,0,0,0,0,0
407,3384727609, ,0,1,0,0,1,0
408,3384736965, ,0,1,0,1,1,1
409,3384737287, ,0,0,0,0,0,0
410,3384737469,Boston Common,1,1,0,1,1,1
411,3384737859, ,0,1,0,1,1,1
412,3384738073, ,0,1,0,1,1,1
413,3384738227, ,0,1,0,1,1,1
414,3385111906, ,0,0,0,0,0,0
415,3385112064, ,0,0,0,0,0,0
416,3385112300, ,0,0,0,0,0,0
417,3385112738, ,0,0,0,0,0,0
418,3385112876, ,0,0,0,0,0,0
419,3385113032, ,0,0,0,0,0,0
420,3385139400, ,0,0,0,0,0,0
421,3385139596, ,0,0,0,0,0,0
422,3385139784, ,0,0,0,0,0,0
423,3385139944, ,0,0,0,0,0,0
424,3385140548,Louisburg Square,1,1,0,1,1,1
425,3385158122, ,0,1,0,0,1,0
426,3385159062, ,0,1,0,1,1,1
427,3385159202, ,0,1,0,1,1,1
428,3385159322, ,0,1,0,1,1,1
429,3385172064,Louisburg Square,1,1,0,0,1,0
430,3385172242, ,0,1,0,0,1,0
431,3385172556,Louisburg Square,1,1,0,1,1,1
432,3385172708,Louisburg Square,1,1,0,1,1,1
433,3385172866,Louisburg Square,1,1,0,1,1,1
434,3385173052, ,0,1,0,1,1,1
435,3385173224, ,0,1,0,1,1,1
436,3385186564,Louisburg Square,1,1,0,0,1,0
437,3385187266,Louisburg Square,1,1,0,1,1,1
438,3385187514,Louisburg Square,1,1,0,0,1,0
439,3385201732,Boston Common,1,0,0,0,0,0
440,3385201992,Boston Common,1,1,0,1,1,1
441,3385202482,Louisburg Square,1,1,0,1,1,1
442,3385202634,Louisburg Square,1,1,0,1,1,1
443,3385203052,Louisburg Square,1,1,0,1,1,1
444,3385217004, ,0,1,0,1,1,1
445,3385242048, ,0,1,0,0,1,0
446,3385242282, ,0,1,0,0,1,0
447,3385242938, ,0,1,0,1,1,1
448,3385243076, ,0,0,0,0,0,0
449,3385312956, ,0,0,0,0,0,0
450,3385313090, ,0,0,0,0,0,0
451,3385313302, ,0,1,0,1,1,1
452,3385313482, ,0,1,0,1,1,1
453,3385314278, ,0,1,0,0,1,0
454,3385343818, ,0,1,0,1,1,1
455,3385344076, ,0,1,0,0,1,0
456,3385344240, ,0,1,0,0,1,0
457,3385344392, ,0,1,0,1,1,1
458,3385344866,Louisburg Square,1,1,0,1,1,1
459,3385358472, ,0,0,0,1,0,1
460,3385358686, ,0,1,0,1,1,1
461,3385358880,Louisburg Square,1,1,0,1,1,1
462,3385359074, ,0,1,0,1,1,1
463,3385359630, ,0,1,0,0,1,0
464,3385418380, ,0,0,0,0,0,0
465,3385418828,Boston Common,1,0,0,0,0,0
466,3385419530,Boston Common,1,0,0,0,0,0
467,3385420020,Boston Common,1,0,0,1,0,1
468,3385463390,Boston Common,1,0,0,0,0,0
469,3385463632,Boston Common,1,0,0,0,0,0
470,3385463908,Boston Public Garden,1,0,0,1,0,1
471,3385465242,Boston Common,1,0,0,0,0,0
472,3385465728,Boston Public Garden,1,0,0,0,0,0
473,3385483310,Boston Common,1,0,0,0,0,0
474,3385483792,Boston Common,1,0,0,0,0,0
475,3385484394,Boston Public Garden,1,1,0,1,1,1
476,3385484578, ,0,1,0,1,1,1
477,3385485218,Boston Common,1,1,0,1,1,1
478,3385503352,Boston Common,1,0,0,0,0,0
479,3385503544,Boston Common,1,0,0,1,0,1
480,3385503680, ,0,0,0,1,0,1
481,3385503818, ,0,0,1,1,0,1
482,3385503942, ,0,0,0,1,0,1
483,3385504286, ,0,0,0,1,0,1
484,3385504564, ,0,0,1,1,0,1
485,3385516158, ,0,0,0,1,0,1
486,3385516348, ,0,0,1,1,0,1
487,3385516512, ,0,0,0,1,0,1
488,3385516616, ,0,1,0,1,1,1
489,3385541848, ,0,1,0,1,1,1
490,3385551696, ,0,1,0,1,1,1
491,3385552000, ,0,1,0,1,1,1
492,3385552482, ,0,1,0,1,1,1
493,3385553134, ,0,1,0,1,1,1
494,3387630203,Copley Square,1,1,0,1,1,1
495,3387691103,Copley Square,1,1,0,1,1,1
496,3387730811,Copley Square,1,1,0,1,1,1
497,3387740085,Copley Square,1,1,0,1,1,1
498,3387755361,Copley Square,1,0,0,0,0,0
499,3387759645,Copley Square,1,0,0,0,0,0
500,3387765577,Copley Square,1,0,0,1,0,1
501,3387787179,Copley Square,1,0,0,0,0,0
502,3387812533,Copley Square,1,0,0,0,0,0
503,3387827447,Copley Square,1,1,0,1,1,1
504,3388446428,Copley Square,1,1,0,1,1,1
505,3388502062,Copley Square,1,1,0,1,1,1
506,3388515492,Copley Square,1,1,0,1,1,1
507,3388541262,Copley Square,1,1,0,1,1,1
508,3388552306,Copley Square,1,1,0,1,1,1
509,3388556200,Copley Square,1,0,0,0,0,0
510,3388576046,Copley Square,1,0,0,0,0,0
511,3388582190,Copley Square,1,0,0,0,0,0
512,3388587916,Copley Square,1,0,0,0,0,0
513,3388597906,Copley Square,1,0,0,1,0,1
514,3388605914,Copley Square,1,0,0,1,0,1
515,3388609486,Copley Square,1,0,0,0,0,0
516,3388622786,Copley Square,1,0,0,0,0,0
517,3388629066,Copley Square,1,1,0,1,1,1
518,3389939173,Copley Square,1,1,0,1,1,1
519,3389942779,Copley Square,1,1,0,1,1,1
520,3389957849,Copley Square,1,1,0,1,1,1
521,3389963077,Copley Square,1,1,0,1,1,1
522,3389967235,Copley Square,1,0,0,1,0,1
523,3389972523,Copley Square,1,1,0,1,1,1
524,3389985447,Copley Square,1,1,0,1,1,1
525,3389992663,Copley Square,1,0,0,1,0,1
526,3389997039,Copley Square,1,0,0,1,0,1
527,3390000741,Copley Square,1,0,0,1,0,1
528,3390019095,Copley Square,1,0,0,1,0,1
529,3390033633,Copley Square,1,1,0,1,1,1
530,3390046633,Copley Square,1,1,0,1,1,1
531,3390057457,Copley Square,1,1,0,1,1,1
532,3390108545,Copley Square,1,1,0,1,1,1
533,3390112979,Copley Square,1,1,0,1,1,1
534,3390135627,Copley Square,1,1,0,1,1,1
535,3390145597,Copley Square,1,0,0,1,0,1
536,3390154011,Copley Square,1,0,0,1,0,1
537,3390157355,Copley Square,1,0,0,0,0,0
538,3390165183,Copley Square,1,0,0,0,0,0
539,3390748024,Copley Square,1,1,0,1,1,1
540,3390760216,Copley Square,1,0,0,0,0,0
541,3390765084,Copley Square,1,0,0,0,0,0
542,3390793374,Copley Square,1,0,0,1,0,1
543,3390835216,Copley Square,1,0,0,1,0,1
544,3390841036,Copley Square,1,1,0,1,1,1
545,3390850472,Copley Square,1,1,0,1,1,1
546,3390953210,Copley Square,1,0,0,1,0,1
547,3390962276,Copley Square,1,0,0,1,0,1
548,3390972934,Copley Square,1,0,0,0,0,0
549,3390981064,Copley Square,1,0,0,0,0,0
550,3390984420,Copley Square,1,0,0,0,0,0
551,3390988224,Copley Square,1,0,0,0,0,0
552,3390991080,Copley Square,1,0,0,0,0,0
553,3400923347, ,0,1,0,1,1,1
554,3400923901, ,0,0,0,1,0,1
555,3400924239, ,0,1,0,1,1,1
556,3400949987, ,0,1,0,0,1,0
557,3400950145, ,0,0,0,0,0,0
558,3400950859, ,0,0,0,0,0,0
559,3400951035, ,0,0,0,0,0,0
560,3400980179, ,0,1,0,1,1,1
561,3400980475,Boston Public Garden,1,0,0,1,0,1
562,3400980631, ,0,0,1,0,0,0
563,3400980895, ,0,0,0,0,0,0
564,3400981291, ,0,0,1,1,0,1
565,3401012237,North Station,1,0,0,1,0,1
566,3401012435, ,0,1,0,0,1,0
567,3401012585, ,0,0,0,1,0,1
568,3401013319, ,0,1,0,1,1,1
569,3401013473, ,0,0,0,0,0,0
570,3401032959, ,0,1,0,1,1,1
571,3401033117, ,0,0,0,0,0,0
572,3401033429, ,0,1,0,1,1,1
573,3401033551, ,0,1,0,1,1,1
574,3401033817, ,0,1,0,1,1,1
575,3401033961, ,0,0,0,0,0,0
576,3401034099, ,0,0,0,0,0,0
577,3401065767, ,0,0,0,0,0,0
578,3401066183, ,0,1,0,1,1,1
579,3401066883, ,0,0,1,0,0,0
580,3401067053, ,0,0,0,0,0,0
581,3401078797, ,0,0,1,1,0,1
582,3401079081, ,0,0,1,1,0,1
583,3401079569, ,0,0,0,0,0,0
584,3401079737, ,0,0,0,1,0,1
585,3401079913, ,0,0,0,0,0,0
586,3401113917, ,0,1,0,1,1,1
587,3401114895, ,0,0,0,0,0,0
588,3401115429, ,0,1,0,0,1,0
589,3401133231, ,0,1,0,1,1,1
590,3401133641,Copley Square,1,0,0,0,0,0
591,3401133791, ,0,0,0,0,0,0
592,3401133983, ,0,0,0,0,0,0
593,3401134177,Copley Square,1,0,0,1,0,1
594,3401134343, ,0,0,0,0,0,0
595,3401134479, ,0,0,0,0,0,0
596,3401169609, ,0,0,0,0,0,0
597,3401169905, ,0,0,0,0,0,0
598,3401170113, ,0,1,0,1,1,1
599,3401170519, ,0,0,0,0,0,0
600,3401170783, ,0,0,0,0,0,0
601,3401171135, ,0,0,0,0,0,0
602,3401188489,Copley Square,1,0,0,0,0,0
603,3401188899, ,0,1,0,1,1,1
604,3401189393,Copley Square,1,0,0,0,0,0
605,3401189537, ,0,0,0,1,0,1
606,3401189881,Copley Square,1,0,0,0,0,0
607,3401213749, ,0,0,0,1,0,1
608,3401213877, ,0,0,0,0,0,0
609,3401214057,Boston Public Garden,1,0,0,0,0,0
610,3401214283, ,0,1,0,1,1,1
611,3401214437,Copley Square,1,0,0,0,0,0
612,3401214567, ,0,0,0,1,0,1
613,3401214703, ,0,0,0,0,0,0
614,3401215101,Copley Square,1,0,0,0,0,0
615,3401231451,Copley Square,1,0,0,0,0,0
616,3401231641, ,0,1,0,0,1,0
617,3401231905, ,0,1,0,0,1,0
618,3401232757, ,0,0,0,1,0,1
619,3401258115, ,0,1,0,1,1,1
620,3401258385, ,0,1,0,1,1,1
621,3401258903, ,0,1,0,1,1,1
622,3401259071, ,0,1,0,0,1,0
623,3401259401, ,0,0,0,0,0,0
624,3401259589, ,0,1,1,1,1,1
625,3401284723, ,0,0,0,0,0,0
626,3401284955, ,0,0,0,0,0,0
627,3401285137, ,0,0,0,0,0,0
628,3401285401, ,0,0,0,0,0,0
629,3401285593, ,0,0,0,0,0,0
630,3401286311,Boston Common,1,0,0,0,0,0
631,3401286479, ,0,0,0,0,0,0
632,3401315027,Boston Common,1,0,0,0,0,0
633,3401315729, ,0,0,0,0,0,0
634,3401316901, ,0,0,0,0,0,0
635,3401317083, ,0,0,0,0,0,0
636,3401359163, ,0,0,0,0,0,0
637,3401359465, ,0,0,0,0,0,0
638,3401359693, ,0,0,0,0,0,0
639,3401360521,Boston Common,1,0,0,0,0,0
640,3401360705, ,0,0,0,0,0,0
641,3401361175, ,0,1,0,1,1,1
642,3401373807, ,0,0,0,0,0,0
643,3401374909, ,0,0,0,0,0,0
644,3401375715, ,0,0,0,0,0,0
645,3401728134, ,0,1,0,1,1,1
646,3401728388, ,0,0,0,0,0,0
647,3401728464, ,0,1,0,1,1,1
648,3401728608, ,0,1,0,1,1,1
649,3401728948, ,0,0,0,0,0,0
650,3401729286, ,0,1,0,1,1,1
651,3401729474, ,0,1,0,0,1,0
652,3401754592, ,0,1,0,0,1,0
653,3401755094, ,0,1,0,0,1,0
654,3401755280, ,0,0,0,0,0,0
655,3401755446, ,0,0,0,0,0,0
656,3401755608, ,0,0,0,0,0,0
657,3401756056, ,0,0,0,0,0,0
658,3401784504, ,0,0,0,0,0,0
659,3401784794, ,0,0,0,0,0,0
660,3401785220, ,0,0,1,0,0,0
661,3401785500, ,0,0,0,0,0,0
662,3401785650, ,0,0,0,0,0,0
663,3401816968, ,0,0,0,0,0,0
664,3401817122, ,0,0,0,0,0,0
665,3401817262, ,0,1,0,1,1,1
666,3401817422, ,0,0,0,0,0,0
667,3401817862, ,0,1,0,0,1,0
668,3401836882, ,0,0,0,0,0,0
669,3401837320, ,0,0,0,0,0,0
670,3401837820, ,0,0,0,0,0,0
671,3401870310, ,0,1,0,0,1,0
672,3401870770, ,0,0,0,0,0,0
673,3401870948, ,0,0,1,0,0,0
674,3401871104, ,0,1,0,1,1,1
675,3401871510, ,0,1,0,0,1,0
676,3401871624, ,0,0,0,0,0,0
677,3401883524, ,0,1,0,1,1,1
678,3401883808, ,0,0,0,0,0,0
679,3401883956, ,0,0,0,0,0,0
680,3401884618, ,0,0,0,0,0,0
681,3401917492, ,0,0,0,0,0,0
682,3401917682,Boston Public Garden,1,1,0,1,1,1
683,3401918064, ,0,0,0,1,0,1
684,3401918318, ,0,0,0,1,0,1
685,3401918454, ,0,0,0,0,0,0
686,3401918630, ,0,0,0,1,0,1
687,3401919154, ,0,0,0,0,0,0
688,3401937336, ,0,1,0,1,1,1
689,3401938548,Copley Square,1,0,0,0,0,0
690,3401938708, ,0,0,0,1,0,1
691,3401973244, ,0,0,0,0,0,0
692,3401973586,Copley Square,1,0,0,0,0,0
693,3401974214, ,0,1,0,1,1,1
694,3401974950, ,0,0,0,1,0,1
695,3401992744, ,0,1,1,1,1,1
696,3401993084, ,0,0,0,1,0,1
697,3401993210, ,0,0,0,1,0,1
698,3401993752, ,0,0,0,0,0,0
699,3401994140,Copley Square,1,0,0,0,0,0
700,3402017920, ,0,0,0,0,0,0
701,3402019234,Copley Square,1,0,0,0,0,0
702,3402035242,Copley Square,1,0,0,0,0,0
703,3402035442, ,0,1,0,1,1,1
704,3402036300, ,0,0,0,0,0,0
705,3402036448, ,0,1,0,0,1,0
706,3402036648, ,0,1,0,1,1,1
707,3402036978, ,0,1,0,0,1,0
708,3402062738, ,0,0,0,0,0,0
709,3402062884, ,0,1,0,0,1,0
710,3402063432, ,0,0,0,0,0,0
711,3402064102, ,0,0,0,0,0,0
712,3402088808, ,0,0,0,0,0,0
713,3402090260, ,0,0,0,0,0,0
714,3402090484, ,0,0,0,0,0,0
715,3402119646, ,0,0,0,0,0,0
716,3402119918, ,0,0,0,0,0,0
717,3402120346, ,0,0,0,0,0,0
718,3402120580, ,0,0,0,0,0,0
719,3402120752, ,0,0,0,0,0,0
720,3402121016, ,0,0,0,0,0,0
721,3402164896, ,0,0,0,0,0,0
722,3402165110, ,0,0,0,0,0,0
723,3402165350, ,0,0,0,0,0,0
724,3402165946, ,0,0,0,0,0,0
725,3402178630, ,0,0,0,0,0,0
726,3402179072, ,0,0,0,0,0,0
727,3402179370, ,0,0,0,0,0,0
728,3402179624, ,0,0,0,0,0,0
729,3402179766, ,0,0,0,0,0,0
730,3402180278, ,0,0,0,0,0,0
731,3402180566, ,0,0,0,0,0,0
732,3403697309, ,0,0,0,0,0,0
733,3403697505, ,0,0,0,0,0,0
734,3403697661, ,0,0,0,0,0,0
735,3403698013, ,0,0,0,0,0,0
736,3403698131, ,0,0,0,0,0,0
737,3403698355, ,0,0,0,0,0,0
738,3403698861, ,0,0,0,0,0,0
739,3403709487, ,0,0,0,0,0,0
740,3403710189, ,0,0,0,0,0,0
741,3403710401, ,0,0,0,0,0,0
742,3403710725, ,0,0,0,0,0,0
743,3403710889, ,0,0,0,0,0,0
744,3403726323, ,0,0,0,0,0,0
745,3403727521, ,0,0,0,0,0,0
746,3403727703, ,0,0,0,0,0,0
747,3403727867, ,0,0,0,0,0,0
748,3403746573, ,0,1,0,1,1,1
749,3403747215, ,0,1,0,1,1,1
750,3403747705, ,0,1,0,1,1,1
751,3403772981, ,0,1,0,1,1,1
752,3403773189, ,0,1,0,1,1,1
753,3403773353, ,0,0,0,0,0,0
754,3403773501,Boston Public Garden,1,1,0,1,1,1
755,3403773663,Boston Public Garden,1,1,0,1,1,1
756,3403774379, ,0,1,0,1,1,1
757,3403796091, ,0,1,0,1,1,1
758,3403796293, ,0,1,0,1,1,1
759,3403796803, ,0,0,0,1,0,1
760,3403796959, ,0,0,0,1,0,1
761,3403797309, ,0,1,0,1,1,1
762,3403797419, ,0,1,0,1,1,1
763,3403825139, ,0,1,0,1,1,1
764,3403825409, ,0,0,0,1,0,1
765,3403825907, ,0,1,0,1,1,1
766,3403826137, ,0,0,0,0,0,0
767,3403843949, ,0,0,0,0,0,0
768,3403844327, ,0,0,0,0,0,0
769,3403859895, ,0,1,0,0,1,0
770,3403860075, ,0,0,0,0,0,0
771,3403860421, ,0,1,0,0,1,0
772,3403860571, ,0,1,0,0,1,0
773,3403861147, ,0,1,0,0,1,0
774,3403861295, ,0,1,0,0,1,0
775,3403889405, ,0,0,0,0,0,0
776,3403889563, ,0,1,0,0,1,0
777,3403890635, ,0,0,0,0,0,0
778,3403906725, ,0,1,0,0,1,0
779,3403906909, ,0,0,0,0,0,0
780,3403907113, ,0,0,0,0,0,0
781,3403907345, ,0,0,0,0,0,0
782,3403937703, ,0,0,0,0,0,0
783,3403938021, ,0,0,0,0,0,0
784,3403938331, ,0,0,0,0,0,0
785,3403939091, ,0,0,0,0,0,0
786,3403960463, ,0,0,0,0,0,0
787,3403960685, ,0,0,0,0,0,0
788,3403961375, ,0,0,0,0,0,0
789,3403962035, ,0,0,0,1,0,1
790,3403988399, ,0,0,0,1,0,1
791,3403988687, ,0,0,0,0,0,0
792,3403988807, ,0,0,0,1,0,1
793,3403989271, ,0,0,1,0,0,0
794,3403989557, ,0,0,1,0,0,0
795,3403989647, ,0,0,0,0,0,0
796,3404010211, ,0,0,0,0,0,0
797,3404011017, ,0,0,0,0,0,0
798,3404047483,Boston Public Garden,1,1,0,1,1,1
799,3404047641, ,0,0,0,0,0,0
800,3404047999, ,0,1,0,0,1,0
801,3404048427, ,0,0,0,0,0,0
802,3404048707, ,0,0,0,0,0,0
803,3404048857, ,0,1,0,0,1,0
804,3404049289, ,0,0,0,0,0,0
805,3404073619, ,0,0,0,0,0,0
806,3404074543, ,0,0,0,0,0,0
807,3404074811, ,0,0,0,0,0,0
808,3404118035, ,0,0,0,0,0,0
809,3404118257, ,0,0,0,0,0,0
810,3404118535, ,0,0,0,0,0,0
811,3404119057, ,0,0,0,0,0,0
812,3404119423, ,0,0,0,0,0,0
813,3404131249, ,0,0,0,1,0,1
814,3404131565, ,0,0,0,0,0,0
815,3404131729, ,0,0,0,0,0,0
816,3404131927, ,0,0,0,0,0,0
817,3404132123,Copley Square,1,0,0,1,0,1
818,3404132765, ,0,0,0,1,0,1
819,3404508676,Boston Public Garden,1,0,0,0,0,0
820,3404509406, ,0,0,0,0,0,0
821,3404509618, ,0,0,0,0,0,0
822,3404520404, ,0,0,0,0,0,0
823,3404520590, ,0,0,0,0,0,0
824,3404520842, ,0,0,0,0,0,0
825,3404521442, ,0,0,0,0,0,0
826,3404521942, ,0,0,0,0,0,0
827,3404536996, ,0,0,0,0,0,0
828,3404537172, ,0,0,0,0,0,0
829,3404537286, ,0,0,0,0,0,0
830,3404537438, ,0,0,0,0,0,0
831,3404537608, ,0,0,0,0,0,0
832,3404537860, ,0,0,0,0,0,0
833,3404557046, ,0,0,0,0,0,0
834,3404557294, ,0,1,0,1,1,1
835,3404557458, ,0,0,0,0,0,0
836,3404557582, ,0,1,0,1,1,1
837,3404557836, ,0,1,0,1,1,1
838,3404557992, ,0,1,0,1,1,1
839,3404558314, ,0,1,0,1,1,1
840,3404583332, ,0,1,0,1,1,1
841,3404584310, ,0,1,0,1,1,1
842,3404584462, ,0,1,0,1,1,1
843,3404584656, ,0,1,0,1,1,1
844,3404606212, ,0,1,0,1,1,1
845,3404606342, ,0,0,0,1,0,1
846,3404606444, ,0,0,0,1,0,1
847,3404606940, ,0,1,0,1,1,1
848,3404635820, ,0,1,0,1,1,1
849,3404636206, ,0,0,0,1,0,1
850,3404636616, ,0,0,0,0,0,0
851,3404636876, ,0,0,0,0,0,0
852,3404636994, ,0,0,0,0,0,0
853,3404637128, ,0,0,0,0,0,0
854,3404654220, ,0,0,0,0,0,0
855,3404654320, ,0,0,0,0,0,0
856,3404654574, ,0,1,0,0,1,0
857,3404654820, ,0,1,0,0,1,0
858,3404655052, ,0,1,0,0,1,0
859,3404655236, ,0,1,0,0,1,0
860,3404655450, ,0,1,0,0,1,0
861,3404655522, ,0,1,0,0,1,0
862,3404670472, ,0,0,0,0,0,0
863,3404670936, ,0,1,0,0,1,0
864,3404671142, ,0,1,0,0,1,0
865,3404671598, ,0,1,0,0,1,0
866,3404699030, ,0,1,0,0,1,0
867,3404699504, ,0,1,0,0,1,0
868,3404699672, ,0,1,0,0,1,0
869,3404699848, ,0,1,0,0,1,0
870,3404699952, ,0,1,0,0,1,0
871,3404700184, ,0,1,0,0,1,0
872,3404700540, ,0,1,0,0,1,0
873,3404716760, ,0,0,0,0,0,0
874,3404717648, ,0,1,0,0,1,0
875,3404717838, ,0,1,0,0,1,0
876,3404718090, ,0,0,0,0,0,0
877,3404718268, ,0,0,0,0,0,0
878,3404747888, ,0,0,0,0,0,0
879,3404748218, ,0,0,0,0,0,0
880,3404748716, ,0,0,0,0,0,0
881,3404748916, ,0,0,0,0,0,0
882,3404749086, ,0,0,0,0,0,0
883,3404749216, ,0,0,0,0,0,0
884,3404771980, ,0,0,0,0,0,0
885,3404772118, ,0,1,0,1,1,1
886,3404772236, ,0,0,0,0,0,0
887,3404772668, ,0,0,0,1,0,1
888,3404772870, ,0,0,0,1,0,1
889,3404773332, ,0,0,0,1,0,1
890,3404799584, ,0,0,0,1,0,1
891,3404799942, ,0,1,0,0,1,0
892,3404800054, ,0,0,0,1,0,1
893,3404800762, ,0,1,0,1,1,1
894,3404820446, ,0,0,0,1,0,1
895,3404820584,North Station,1,0,0,0,0,0
896,3404820746,North Station,1,0,0,0,0,0
897,3404821216, ,0,0,0,0,0,0
898,3404821392, ,0,0,0,0,0,0
899,3404821652, ,0,0,0,0,0,0
900,3404822008, ,0,1,0,0,1,0
901,3404822126, ,0,1,0,0,1,0
902,3404858886, ,0,0,0,0,0,0
903,3404859256, ,0,0,0,0,0,0
904,3404860212, ,0,0,0,0,0,0
905,3404884890, ,0,0,0,0,0,0
906,3404885266, ,0,0,0,0,0,0
907,3404885456, ,0,0,0,0,0,0
908,3404885592, ,0,1,0,0,1,0
909,3404885838, ,0,0,0,0,0,0
910,3404886142, ,0,0,0,0,0,0
911,3404929002, ,0,0,0,0,0,0
912,3404929834, ,0,0,0,0,0,0
913,3404930284, ,0,0,0,0,0,0
914,3404930694, ,0,0,0,0,0,0
915,3404930902, ,0,0,0,0,0,0
916,3404942350, ,0,0,0,1,0,1
917,3404942666, ,0,0,0,0,0,0
918,3404943566, ,0,0,0,0,0,0
919,3404943782, ,0,0,0,0,0,0
920,3407127921,Copley Square,1,0,0,1,0,1
921,3407148951, ,0,0,0,0,0,0
922,3407182621,Copley Square,1,0,0,0,0,0
923,3407190311,Copley Square,1,0,0,0,0,0
924,3407196135,Copley Square,1,0,0,0,0,0
925,3407202767,Copley Square,1,0,0,0,0,0
926,3407215081,Copley Square,1,0,0,0,0,0
927,3407231033,Copley Square,1,0,0,0,0,0
928,3407246641,Copley Square,1,0,0,0,0,0
929,3407260145,Copley Square,1,0,0,0,0,0
930,3407264541,Copley Square,1,0,0,0,0,0
931,3407267721,Copley Square,1,0,0,0,0,0
932,3407270717,Copley Square,1,0,0,0,0,0
933,3407276809,Copley Square,1,1,0,1,1,1
934,3407281075,Copley Square,1,1,0,1,1,1
935,3407286479,Copley Square,1,1,0,1,1,1
936,3407289681,Copley Square,1,1,0,1,1,1
937,3407295479,Copley Square,1,1,0,1,1,1
938,3407303351,Copley Square,1,0,0,1,0,1
939,3407308501,Copley Square,1,0,0,0,0,0
940,3407318661,Copley Square,1,0,0,0,0,0
941,3407330717,Copley Square,1,0,0,0,0,0
942,3407941806,Copley Square,1,0,0,0,0,0
943,3407967322,Copley Square,1,0,0,0,0,0
944,3407993652,Copley Square,1,0,0,0,0,0
945,3408006370,Copley Square,1,0,0,0,0,0
946,3408014146,Copley Square,1,0,0,0,0,0
947,3408019446, ,0,0,0,0,0,0
948,3408026976,Copley Square,1,0,0,0,0,0
949,3408035356,Copley Square,1,0,0,0,0,0
950,3408043090,Copley Square,1,0,0,1,0,1
951,3408048026,Copley Square,1,0,0,0,0,0
952,3408059032,Copley Square,1,0,0,0,0,0
953,3408122022,Copley Square,1,0,0,0,0,0
954,3408131130,Copley Square,1,0,0,0,0,0
955,3409487277,Copley Square,1,0,0,0,0,0
956,3409496007,Copley Square,1,0,0,0,0,0
957,3409508227, ,0,0,0,0,0,0
958,3409520101, ,0,0,0,0,0,0
959,3409544867, ,0,0,0,0,0,0
960,3409568925, ,0,0,0,0,0,0
961,3409584085, ,0,0,0,0,0,0
962,3409605561, ,0,0,0,0,0,0
963,3409609077, ,0,0,0,0,0,0
964,3409643075, ,0,0,0,0,0,0
965,3409662313, ,0,0,0,0,0,0
966,3409666681, ,0,0,0,0,0,0
967,3409679049,Copley Square,1,0,0,0,0,0
968,3409681687,Copley Square,1,0,0,0,0,0
969,3409685659,Copley Square,1,0,0,0,0,0
970,3409688735, ,0,0,0,0,0,0
971,3409694625, ,0,0,0,0,0,0
972,3409716309, ,0,0,0,0,0,0
973,3409720685, ,0,0,0,0,0,0
974,3409723621, ,0,0,0,0,0,0
975,3410293454,Copley Square,1,0,0,0,0,0
976,3410302618,Copley Square,1,0,0,0,0,0
977,3410315132, ,0,0,0,0,0,0
978,3410324530, ,0,0,0,0,0,0
979,3410333258, ,0,0,0,0,0,0
980,3410336270, ,0,0,0,0,0,0
981,3410357934, ,0,0,0,0,0,0
982,3410363488, ,0,0,0,0,0,0
983,3410366044, ,0,0,0,0,0,0
984,3410383068, ,0,0,0,0,0,0
985,3410389876, ,0,0,0,0,0,0
986,3410397394, ,0,0,0,0,0,0
987,3410448004, ,0,0,0,0,0,0
988,3410457340, ,0,0,0,0,0,0
989,3410460886, ,0,0,0,0,0,0
990,3410465140,Copley Square,1,0,0,0,0,0
991,3410467760,Copley Square,1,0,0,0,0,0
992,3410482696, ,0,0,0,0,0,0
993,3410485298,Copley Square,1,0,0,0,0,0
994,3410501938, ,0,0,0,0,0,0
995,3410509870, ,0,0,0,0,0,0
996,3410513914, ,0,0,0,0,0,0
997,3410517216, ,0,0,0,0,0,0
998,3420541629, ,0,0,0,0,0,0
999,3420541985, ,0,1,0,0,1,0
1000,3420542137, ,0,0,0,0,0,0
1001,3420542327, ,0,0,0,1,0,1
1002,3420542531, ,0,1,0,0,1,0
1003,3420543189, ,0,0,0,0,0,0
1004,3420569457, ,0,0,0,0,0,0
1005,3420570273, ,0,1,0,0,1,0
1006,3420570429, ,0,1,0,0,1,0
1007,3420570559, ,0,1,0,1,1,1
1008,3420601563, ,0,1,0,0,1,0
1009,3420601819, ,0,0,0,0,0,0
1010,3420602197, ,0,0,0,0,0,0
1011,3420602317, ,0,1,0,1,1,1
1012,3420602451, ,0,0,0,0,0,0
1013,3420621683, ,0,0,0,1,0,1
1014,3420622611, ,0,0,0,0,0,0
1015,3420622869, ,0,0,0,0,0,0
1016,3420623565, ,0,0,0,0,0,0
1017,3420623827, ,0,0,0,0,0,0
1018,3420644213, ,0,0,0,0,0,0
1019,3420644327, ,0,0,0,0,0,0
1020,3420645047, ,0,1,0,1,1,1
1021,3420675127, ,0,0,0,0,0,0
1022,3420675653, ,0,0,0,0,0,0
1023,3420675815, ,0,0,0,0,0,0
1024,3420675965, ,0,0,0,0,0,0
1025,3420698323, ,0,0,0,0,0,0
1026,3420698531, ,0,0,0,0,0,0
1027,3420698919, ,0,0,0,0,0,0
1028,3420699255, ,0,1,1,0,1,0
1029,3420699413, ,0,0,0,0,0,0
1030,3420699733, ,0,0,0,1,0,1
1031,3420722259, ,0,0,0,0,0,0
1032,3420722689, ,0,0,0,0,0,0
1033,3420737543, ,0,0,0,0,0,0
1034,3420737807, ,0,0,0,0,0,0
1035,3420738301, ,0,0,0,0,0,0
1036,3420738555, ,0,0,0,0,0,0
1037,3420739039, ,0,0,0,0,0,0
1038,3420739413, ,0,0,0,0,0,0
1039,3420757333, ,0,0,0,1,0,1
1040,3420757513, ,0,0,0,1,0,1
1041,3420757685, ,0,1,0,1,1,1
1042,3420758651, ,0,0,0,0,0,0
1043,3420774967, ,0,1,0,0,1,0
1044,3420775121, ,0,1,0,0,1,0
1045,3420775277, ,0,1,0,0,1,0
1046,3420775627, ,0,1,0,0,1,0
1047,3420775825, ,0,0,0,0,0,0
1048,3420776043, ,0,0,0,0,0,0
1049,3420776757, ,0,0,0,0,0,0
1050,3420798185, ,0,1,0,0,1,0
1051,3420798389, ,0,1,0,0,1,0
1052,3420798759, ,0,0,0,1,0,1
1053,3420799679, ,0,0,0,1,0,1
1054,3420799861, ,0,0,0,0,0,0
1055,3420849851, ,0,0,0,0,0,0
1056,3420850057, ,0,0,0,0,0,0
1057,3420850221, ,0,0,0,0,0,0
1058,3420850981, ,0,0,0,0,0,0
1059,3420851307, ,0,0,0,0,0,0
1060,3420851479, ,0,0,0,0,0,0
1061,3420869869, ,0,0,0,0,0,0
1062,3420870905, ,0,1,0,0,1,0
1063,3421349756, ,0,0,0,0,0,0
1064,3421350658, ,0,0,0,0,0,0
1065,3421350834, ,0,1,0,1,1,1
1066,3421350998, ,0,0,0,0,0,0
1067,3421378236, ,0,1,1,1,1,1
1068,3421378418, ,0,1,0,0,1,0
1069,3421378642,Copley Square,1,0,0,0,0,0
1070,3421378748, ,0,1,0,0,1,0
1071,3421379270, ,0,1,0,0,1,0
1072,3421410250,Copley Square,1,0,0,0,0,0
1073,3421410374, ,0,1,0,1,1,1
1074,3421410968,Copley Square,1,0,0,0,0,0
1075,3421411168, ,0,0,0,0,0,0
1076,3421411340, ,0,0,0,0,0,0
1077,3421429620, ,0,0,0,0,0,0
1078,3421429806, ,0,0,0,0,0,0
1079,3421429960,North Station,1,0,0,1,0,1
1080,3421431606, ,0,0,0,0,0,0
1081,3421431838, ,0,1,0,0,1,0
1082,3421452308, ,0,1,0,1,1,1
1083,3421452920,Boston Common,1,0,0,0,0,0
1084,3421453154,Boston Common,1,0,0,0,0,0
1085,3421453320, ,0,1,0,1,1,1
1086,3421453610, ,0,1,0,1,1,1
1087,3421453770, ,0,1,0,1,1,1
1088,3421453886, ,0,1,0,0,1,0
1089,3421482250, ,0,1,0,1,1,1
1090,3421482436, ,0,0,0,0,0,0
1091,3421482684, ,0,0,0,0,0,0
1092,3421482860, ,0,0,0,0,0,0
1093,3421483120, ,0,0,0,0,0,0
1094,3421483318, ,0,0,0,0,0,0
1095,3421506338, ,0,0,0,1,0,1
1096,3421506456, ,0,0,0,0,0,0
1097,3421506750, ,0,0,0,0,0,0
1098,3421507164, ,0,0,0,0,0,0
1099,3421530368, ,0,0,0,0,0,0
1100,3421545854, ,0,0,0,0,0,0
1101,3421546604, ,0,0,0,0,0,0
1102,3421547070, ,0,0,0,0,0,0
1103,3421547404, ,0,1,0,1,1,1
1104,3421565500, ,0,0,0,0,0,0
1105,3421565690, ,0,0,0,0,0,0
1106,3421566416, ,0,1,0,1,1,1
1107,3421566616, ,0,1,0,0,1,0
1108,3421566784, ,0,0,0,0,0,0
1109,3421567000, ,0,1,0,0,1,0
1110,3421584086, ,0,0,0,0,0,0
1111,3421584938, ,0,0,0,0,0,0
1112,3421585154, ,0,0,0,0,0,0
1113,3421606454, ,0,0,0,0,0,0
1114,3421607044, ,0,1,0,1,1,1
1115,3421607456, ,0,0,0,0,0,0
1116,3421607760, ,0,0,0,0,0,0
1117,3421607972, ,0,1,0,0,1,0
1118,3421658278, ,0,0,0,1,0,1
1119,3421658426, ,0,0,0,1,0,1
1120,3421658598, ,0,1,0,1,1,1
1121,3421659014, ,0,0,0,0,0,0
1122,3421677800, ,0,1,0,1,1,1
1123,3421678026, ,0,0,0,0,0,0
1124,3421678232, ,0,0,0,0,0,0
1125,3421678452, ,0,0,0,0,0,0
1126,3421678874, ,0,0,0,0,0,0
1127,3421679082, ,0,0,0,0,0,0
1128,3421679374, ,0,1,0,0,1,0
1129,3421679564, ,0,0,0,0,0,0
1130,3423257275, ,0,0,0,0,0,0
1131,3423257421, ,0,0,0,0,0,0
1132,3423258081, ,0,0,0,0,0,0
1133,3423258607, ,0,0,0,0,0,0
1134,3423258751, ,0,1,0,0,1,0
1135,3423277535, ,0,1,0,0,1,0
1136,3423277793, ,0,1,0,0,1,0
1137,3423278163, ,0,1,0,0,1,0
1138,3423278789, ,0,1,0,0,1,0
1139,3423279057, ,0,1,0,0,1,0
1140,3423279419, ,0,1,0,0,1,0
1141,3423289755, ,0,1,0,0,1,0
1142,3423289979, ,0,1,0,0,1,0
1143,3423290219, ,0,1,0,1,1,1
1144,3423290639, ,0,0,1,0,0,0
1145,3423290913, ,0,0,0,0,0,0
1146,3423291293, ,0,0,0,0,0,0
1147,3423303469, ,0,0,0,0,0,0
1148,3423304117, ,0,1,0,0,1,0
1149,3423304313, ,0,1,0,0,1,0
1150,3423304711, ,0,0,0,0,0,0
1151,3423304851, ,0,0,0,0,0,0
1152,3423327979, ,0,0,0,0,0,0
1153,3423328119, ,0,0,0,0,0,0
1154,3423328431, ,0,0,0,0,0,0
1155,3423329087, ,0,0,0,0,0,0
1156,3423329321, ,0,0,0,0,0,0
1157,3423329643, ,0,0,0,0,0,0
1158,3423354711, ,0,0,0,0,0,0
1159,3423355177, ,0,0,0,0,0,0
1160,3423355529, ,0,0,0,0,0,0
1161,3423371169, ,0,1,0,1,1,1
1162,3423371533, ,0,1,0,1,1,1
1163,3423371663, ,0,1,0,1,1,1
1164,3423371799, ,0,0,0,0,0,0
1165,3423372035, ,0,0,0,0,0,0
1166,3423372393, ,0,0,0,0,0,0
1167,3423400367, ,0,1,0,1,1,1
1168,3423400537, ,0,0,0,0,0,0
1169,3423401283,North Station,1,0,0,1,0,1
1170,3423401511, ,0,0,0,0,0,0
1171,3423401807, ,0,0,0,0,0,0
1172,3423424405, ,0,0,0,0,0,0
1173,3423424529, ,0,0,0,0,0,0
1174,3423424697, ,0,0,0,0,0,0
1175,3423425383, ,0,0,0,0,0,0
1176,3423425531, ,0,0,0,0,0,0
1177,3423425695, ,0,0,0,0,0,0
1178,3423426031, ,0,1,0,0,1,0
1179,3423454463, ,0,0,0,0,0,0
1180,3423454651, ,0,0,0,0,0,0
1181,3423454881, ,0,0,0,0,0,0
1182,3423455101, ,0,0,0,1,0,1
1183,3423455323, ,0,0,0,0,0,0
1184,3423455549, ,0,0,0,0,0,0
1185,3423455743, ,0,1,0,1,1,1
1186,3423470927, ,0,0,0,0,0,0
1187,3423471269,Copley Square,1,1,0,1,1,1
1188,3423471627, ,0,0,0,0,0,0
1189,3423472043, ,0,1,0,1,1,1
1190,3423472267, ,0,1,0,1,1,1
1191,3423472439, ,0,0,0,0,0,0
1192,3423472673, ,0,0,0,0,0,0
1193,3423481603, ,0,0,0,0,0,0
1194,3423481785, ,0,1,0,0,1,0
1195,3423481937, ,0,0,0,0,0,0
1196,3423509575, ,0,0,0,0,0,0
1197,3423509699, ,0,0,0,0,0,0
1198,3423509785, ,0,1,0,1,1,1
1199,3423509967, ,0,1,0,0,1,0
1200,3423510243, ,0,0,0,0,0,0
1201,3423530921, ,0,0,0,0,0,0
1202,3423531085, ,0,0,0,0,0,0
1203,3423531197, ,0,0,0,0,0,0
1204,3423531407,Boston Common,1,1,0,1,1,1
1205,3423531575,Boston Public Garden,1,1,0,1,1,1
1206,3423531851, ,0,0,0,0,0,0
1207,3423552905, ,0,0,0,0,0,0
1208,3423566541, ,0,0,0,0,0,0
1209,3423566675, ,0,0,0,0,0,0
1210,3423566915, ,0,0,0,0,0,0
1211,3423566991, ,0,0,0,0,0,0
1212,3423567153, ,0,0,0,0,0,0
1213,3423567281, ,0,0,0,0,0,0
1214,3423567375, ,0,1,0,0,1,0
1215,3423567641, ,0,0,0,0,0,0
1216,3423583517,Boston Common,1,1,0,1,1,1
1217,3423583741, ,0,1,0,1,1,1
1218,3423584365, ,0,0,0,0,0,0
1219,3423608907, ,0,0,0,0,0,0
1220,3423609071, ,0,0,0,0,0,0
1221,3423609669, ,0,0,0,0,0,0
1222,3423610123, ,0,1,0,1,1,1
1223,3423610859, ,0,0,0,0,0,0
1224,3423644643, ,0,0,0,0,0,0
1225,3423645177, ,0,0,0,0,0,0
1226,3423645589, ,0,0,0,0,0,0
1227,3423670741, ,0,0,0,0,0,0
1228,3423671701, ,0,0,0,0,0,0
1229,3423671849, ,0,0,0,0,0,0
1230,3423672061, ,0,0,0,0,0,0
1231,3423687625, ,0,1,0,1,1,1
1232,3423689241, ,0,1,0,1,1,1
1233,3423701739, ,0,0,0,0,0,0
1234,3423702105, ,0,0,0,0,0,0
1235,3424064024, ,0,1,0,0,1,0
1236,3424064598, ,0,0,0,0,0,0
1237,3424064842, ,0,0,0,0,0,0
1238,3424065304, ,0,0,0,0,0,0
1239,3424065486, ,0,0,0,0,0,0
1240,3424085672, ,0,1,0,0,1,0
1241,3424086158, ,0,1,0,0,1,0
1242,3424086330, ,0,1,0,0,1,0
1243,3424086918, ,0,1,0,0,1,0
1244,3424097900, ,0,1,0,0,1,0
1245,3424098676, ,0,0,0,0,0,0
1246,3424098958, ,0,0,0,0,0,0
1247,3424110870, ,0,0,0,0,0,0
1248,3424111266, ,0,0,0,0,0,0
1249,3424111428, ,0,0,0,0,0,0
1250,3424111616, ,0,1,0,1,1,1
1251,3424112238, ,0,0,0,0,0,0
1252,3424136150, ,0,1,0,0,1,0
1253,3424136522, ,0,0,0,0,0,0
1254,3424136758, ,0,0,0,0,0,0
1255,3424137370, ,0,0,0,0,0,0
1256,3424161634, ,0,0,0,0,0,0
1257,3424161762, ,0,0,0,0,0,0
1258,3424161968, ,0,0,0,0,0,0
1259,3424162110, ,0,0,0,0,0,0
1260,3424162420, ,0,1,0,1,1,1
1261,3424162592, ,0,0,0,0,0,0
1262,3424162910, ,0,0,0,0,0,0
1263,3424178924, ,0,0,0,0,0,0
1264,3424179280, ,0,1,0,1,1,1
1265,3424180276, ,0,0,0,0,0,0
1266,3424180692, ,0,0,0,0,0,0
1267,3424208506, ,0,0,0,1,0,1
1268,3424209100, ,0,0,0,0,0,0
1269,3424209328, ,0,0,0,1,0,1
1270,3424209528, ,0,0,0,0,0,0
1271,3424210016, ,0,0,0,0,0,0
1272,3424233314, ,0,0,0,0,0,0
1273,3424233474, ,0,0,0,1,0,1
1274,3424234340, ,0,1,0,1,1,1
1275,3424262178, ,0,1,0,0,1,0
1276,3424262394, ,0,1,0,0,1,0
1277,3424264018, ,0,0,0,0,0,0
1278,3424279242, ,0,1,0,0,1,0
1279,3424279562, ,0,0,0,0,0,0
1280,3424279960, ,0,0,0,0,0,0
1281,3424290356, ,0,0,0,0,0,0
1282,3424290512, ,0,0,0,0,0,0
1283,3424318092, ,0,1,0,1,1,1
1284,3424318306, ,0,1,0,0,1,0
1285,3424339476, ,0,0,0,0,0,0
1286,3424339662, ,0,0,0,0,0,0
1287,3424339874, ,0,0,0,0,0,0
1288,3424339968, ,0,0,0,0,0,0
1289,3424359902, ,0,0,0,0,0,0
1290,3424359974, ,0,0,0,0,0,0
1291,3424360072, ,0,0,0,0,0,0
1292,3424360134, ,0,0,0,0,0,0
1293,3424360262, ,0,0,0,0,0,0
1294,3424360346, ,0,0,0,0,0,0
1295,3424360462, ,0,0,0,0,0,0
1296,3424360552, ,0,0,0,0,0,0
1297,3424360750, ,0,0,0,1,0,1
1298,3424374566, ,0,0,0,0,0,0
1299,3424375306, ,0,1,0,0,1,0
1300,3424390606, ,0,1,0,1,1,1
1301,3424390724, ,0,0,0,0,0,0
1302,3424390770,Boston Common,1,1,0,1,1,1
1303,3424390860,Boston Common,1,0,0,1,0,1
1304,3424390974,Boston Common,1,1,0,1,1,1
1305,3424391320, ,0,0,0,0,0,0
1306,3424391502, ,0,0,0,0,0,0
1307,3424416392, ,0,0,0,0,0,0
1308,3424416590, ,0,1,0,1,1,1
1309,3424417018, ,0,1,0,0,1,0
1310,3424417472, ,0,0,0,0,0,0
1311,3424417680, ,0,0,0,1,0,1
1312,3424450070, ,0,1,1,1,1,1
1313,3424450350, ,0,0,0,0,0,0
1314,3424450498, ,0,0,0,0,0,0
1315,3424450728, ,0,0,0,0,0,0
1316,3424450962, ,0,0,0,0,0,0
1317,3424451530, ,0,0,0,0,0,0
1318,3424451964, ,0,0,0,0,0,0
1319,3424477412, ,0,0,0,0,0,0
1320,3424477618, ,0,0,0,0,0,0
1321,3424477830, ,0,0,0,0,0,0
1322,3424478352, ,0,0,0,0,0,0
1323,3424478532, ,0,0,0,0,0,0
1324,3424478648, ,0,0,0,0,0,0
1325,3424494606,North Station,1,0,0,1,0,1
1326,3424495120, ,0,1,0,1,1,1
1327,3424495400, ,0,0,0,0,0,0
1328,3424495612, ,0,0,0,0,0,0
1329,3424495828, ,0,0,0,0,0,0
1330,3424496042, ,0,1,0,1,1,1
1331,3424496330, ,0,0,0,0,0,0
1332,3424496774, ,0,0,0,0,0,0
1333,3424507576, ,0,1,0,1,1,1
1334,3424507824, ,0,0,0,0,0,0
1335,3424508026, ,0,1,0,1,1,1
1336,3424508274, ,0,0,0,0,0,0
1337,3424508594, ,0,0,0,0,0,0
1338,3424508868, ,0,0,0,0,0,0
1339,3424509094, ,0,0,0,0,0,0
1340,3424509396, ,0,0,0,0,0,0
1341,3426750745,Copley Square,1,0,0,0,0,0
1342,3426755043,Copley Square,1,0,0,0,0,0
1343,3426758551,Copley Square,1,0,0,0,0,0
1344,3426771573,Copley Square,1,0,0,0,0,0
1345,3426775677, ,0,0,0,0,0,0
1346,3426780469, ,0,0,0,0,0,0
1347,3426786035,Copley Square,1,0,0,0,0,0
1348,3426794699,Copley Square,1,0,0,0,0,0
1349,3426802443,Copley Square,1,0,0,0,0,0
1350,3426805815, ,0,0,0,0,0,0
1351,3426817315,Copley Square,1,0,0,0,0,0
1352,3426869041,Copley Square,1,0,0,0,0,0
1353,3426877197,Copley Square,1,0,0,0,0,0
1354,3426898991, ,0,0,0,0,0,0
1355,3426907543,Copley Square,1,1,0,1,1,1
1356,3427554140,Copley Square,1,0,0,0,0,0
1357,3427570216,Copley Square,1,0,0,0,0,0
1358,3427598836,Copley Square,1,0,0,0,0,0
1359,3427608426,Copley Square,1,0,0,0,0,0
1360,3427617694,Copley Square,1,0,0,0,0,0
1361,3427621850,Copley Square,1,0,0,0,0,0
1362,3427634116,Copley Square,1,0,0,0,0,0
1363,3427637310,Copley Square,1,0,0,0,0,0
1364,3427641356,Copley Square,1,0,0,0,0,0
1365,3427662110, ,0,0,0,0,0,0
1366,3427669658,Copley Square,1,0,0,0,0,0
1367,3427680554,Copley Square,1,0,0,0,0,0
1368,3427683182,Copley Square,1,0,0,0,0,0
1369,3427688190,Copley Square,1,0,0,0,0,0
1370,3427698494,Copley Square,1,0,0,0,0,0
1371,3427700852,Copley Square,1,0,0,0,0,0
1372,3427704442, ,0,0,0,0,0,0
1373,3427710546,Copley Square,1,1,0,1,1,1
1374,3429245615,Copley Square,1,1,0,1,1,1
1375,3429251117,Copley Square,1,1,0,1,1,1
1376,3429277789,Copley Square,1,1,0,1,1,1
1377,3429283125,Copley Square,1,1,0,1,1,1
1378,3429293583,Copley Square,1,1,0,1,1,1
1379,3429303107,Copley Square,1,1,0,1,1,1
1380,3429323353,Copley Square,1,1,0,1,1,1
1381,3429333399,Copley Square,1,1,0,1,1,1
1382,3429342313,Copley Square,1,1,0,1,1,1
1383,3429358279,Copley Square,1,1,0,1,1,1
1384,3429362241, ,0,1,0,1,1,1
1385,3429369095, ,0,0,0,0,0,0
1386,3429401581, ,0,1,0,1,1,1
1387,3429405023, ,0,1,0,1,1,1
1388,3429414885, ,0,1,0,1,1,1
1389,3429418021, ,0,1,0,1,1,1
1390,3429421339, ,0,1,0,1,1,1
1391,3429425041, ,0,1,0,1,1,1
1392,3430052842,Copley Square,1,1,0,1,1,1
1393,3430068702,Copley Square,1,1,0,1,1,1
1394,3430079420,Copley Square,1,1,0,1,1,1
1395,3430102464,Copley Square,1,1,0,1,1,1
1396,3430123746,Copley Square,1,1,0,1,1,1
1397,3430159540, ,0,0,0,0,0,0
1398,3430163062, ,0,0,0,0,0,0
1399,3430168226, ,0,0,0,0,0,0
1400,3430178960, ,0,0,0,0,0,0
1401,3430185506, ,0,1,0,1,1,1
1402,3430208312, ,0,1,0,1,1,1
1403,3430211996, ,0,1,0,1,1,1
1404,3430242620, ,0,1,0,1,1,1
1405,3430246030,Copley Square,1,0,0,0,0,0
1406,3430250480,Copley Square,1,1,0,1,1,1
1407,3430254764, ,0,1,0,1,1,1
1408,3440931611, ,0,0,0,0,0,0
1409,3440931813, ,0,0,0,0,0,0
1410,3440932245, ,0,1,0,1,1,1
1411,3440932419, ,0,0,0,0,0,0
1412,3440932805,Copley Square,1,0,0,1,0,1
1413,3440933161, ,0,0,0,1,0,1
1414,3440954059, ,0,0,0,0,0,0
1415,3440954427, ,0,0,0,0,0,0
1416,3440954527, ,0,1,0,1,1,1
1417,3440954951, ,0,0,0,0,0,0
1418,3440955293, ,0,0,0,0,0,0
1419,3440955433, ,0,0,0,0,0,0
1420,3440984557, ,0,0,0,0,0,0
1421,3440984795, ,0,1,1,1,1,1
1422,3440985737, ,0,0,0,0,0,0
1423,3440985895, ,0,0,0,0,0,0
1424,3441015579, ,0,0,0,0,0,0
1425,3441015829, ,0,0,0,0,0,0
1426,3441016015, ,0,0,0,0,0,0
1427,3441039095, ,0,0,0,0,0,0
1428,3441039413, ,0,0,0,0,0,0
1429,3441039745, ,0,0,0,0,0,0
1430,3441039993, ,0,0,0,0,0,0
1431,3441053539,Boston Common,1,0,0,1,0,1
1432,3441054065,Boston Common,1,0,0,1,0,1
1433,3441054485,Boston Common,1,0,0,1,0,1
1434,3441054707,Boston Common,1,0,0,1,0,1
1435,3441054841,Boston Common,1,0,0,1,0,1
1436,3441072211,Boston Common,1,0,0,1,0,1
1437,3441072509,Boston Common,1,0,0,1,0,1
1438,3441072709, ,0,1,0,1,1,1
1439,3441094395, ,0,1,0,1,1,1
1440,3441094611, ,0,1,0,1,1,1
1441,3441094797, ,0,0,0,0,0,0
1442,3441106723, ,0,0,0,0,0,0
1443,3441106959, ,0,0,0,0,0,0
1444,3441107685, ,0,1,0,1,1,1
1445,3441108153, ,0,0,0,1,0,1
1446,3441127657, ,0,0,0,0,0,0
1447,3441127887, ,0,1,0,1,1,1
1448,3441128309, ,0,0,0,0,0,0
1449,3441129087, ,0,0,0,0,0,0
1450,3441129461, ,0,0,0,0,0,0
1451,3441143917, ,0,0,0,0,0,0
1452,3441144103, ,0,1,0,1,1,1
1453,3441144657, ,0,1,0,1,1,1
1454,3441144995, ,0,0,0,0,0,0
1455,3441145145, ,0,0,0,0,0,0
1456,3441171555, ,0,1,0,1,1,1
1457,3441172149,Boston Common,1,0,0,1,0,1
1458,3441172329, ,0,0,0,0,0,0
1459,3441172753, ,0,1,0,1,1,1
1460,3441173095, ,0,0,0,0,0,0
1461,3441187919, ,0,1,0,1,1,1
1462,3441188135, ,0,0,0,0,0,0
1463,3441188363, ,0,0,0,0,0,0
1464,3441188627, ,0,0,0,0,0,0
1465,3441189095, ,0,1,0,1,1,1
1466,3441189395, ,0,0,0,0,0,0
1467,3441207579, ,0,1,0,1,1,1
1468,3441208213, ,0,0,0,0,0,0
1469,3441208943, ,0,0,0,0,0,0
1470,3441209355, ,0,0,0,0,0,0
1471,3441209555, ,0,0,0,0,0,0
1472,3441234785, ,0,0,0,0,0,0
1473,3441235063, ,0,0,0,0,0,0
1474,3441235349, ,0,1,0,1,1,1
1475,3441235753, ,0,1,0,1,1,1
1476,3441235997, ,0,0,0,0,0,0
1477,3441236655, ,0,1,0,0,1,0
1478,3441256727, ,0,0,0,1,0,1
1479,3441257505, ,0,0,0,0,0,0
1480,3441257709, ,0,1,0,0,1,0
1481,3441258623, ,0,0,0,0,0,0
1482,3441272677, ,0,0,0,0,0,0
1483,3441272897, ,0,0,0,0,0,0
1484,3441273041, ,0,0,0,0,0,0
1485,3441273567, ,0,0,0,0,0,0
1486,3441274061, ,0,0,0,0,0,0
1487,3441274303, ,0,0,0,0,0,0
1488,3441274831, ,0,0,0,0,0,0
1489,3441295845, ,0,0,0,0,0,0
1490,3441296303, ,0,0,0,0,0,0
1491,3441316899, ,0,0,0,0,0,0
1492,3441317193, ,0,0,0,0,0,0
1493,3441317381, ,0,0,0,0,0,0
1494,3441317595, ,0,0,0,0,0,0
1495,3441317669, ,0,1,0,0,1,0
1496,3441317859, ,0,0,0,0,0,0
1497,3441318083, ,0,1,0,1,1,1
1498,3441329475, ,0,0,0,0,0,0
1499,3441329929, ,0,0,0,1,0,1
1500,3441330011, ,0,0,0,0,0,0
1501,3441330455, ,0,0,0,0,0,0
1502,3441343789, ,0,1,0,0,1,0
1503,3441344027, ,0,1,0,0,1,0
1504,3441344681, ,0,1,0,0,1,0
1505,3441345289, ,0,0,0,0,0,0
1506,3441356909, ,0,0,0,0,0,0
1507,3441357205, ,0,0,0,0,0,0
1508,3441357349, ,0,0,0,0,0,0
1509,3441358105, ,0,0,0,0,0,0
1510,3441358583, ,0,0,0,0,0,0
1511,3441358739, ,0,1,0,0,1,0
1512,3441372037, ,0,0,0,0,0,0
1513,3441372209, ,0,0,0,0,0,0
1514,3441372435, ,0,0,0,0,0,0
1515,3441373003,Boston Common,1,0,0,0,0,0
1516,3441373261, ,0,0,0,0,0,0
1517,3441373561, ,0,0,0,0,0,0
1518,3441387949, ,0,0,0,1,0,1
1519,3441388769, ,0,0,0,0,0,0
1520,3441388943, ,0,0,0,1,0,1
1521,3441420537, ,0,0,0,0,0,0
1522,3441420659, ,0,0,0,0,0,0
1523,3441421389, ,0,0,0,0,0,0
1524,3441421561, ,0,0,0,0,0,0
1525,3441421725, ,0,0,0,0,0,0
1526,3441434543, ,0,0,0,0,0,0
1527,3441435019, ,0,0,0,0,0,0
1528,3441435227, ,0,0,0,0,0,0
1529,3441435397, ,0,0,0,0,0,0
1530,3441436321, ,0,0,0,0,0,0
1531,3441452745, ,0,0,0,0,0,0
1532,3441452975, ,0,0,0,0,0,0
1533,3441453173, ,0,0,0,0,0,0
1534,3441453375, ,0,0,0,0,0,0
1535,3441463813, ,0,0,0,0,0,0
1536,3441464241, ,0,0,0,0,0,0
1537,3441464661, ,0,0,0,0,0,0
1538,3441743724, ,0,0,0,0,0,0
1539,3441744408, ,0,0,0,0,0,0
1540,3441745024, ,0,0,0,0,0,0
1541,3441745418, ,0,0,0,0,0,0
1542,3441767042, ,0,1,1,1,1,1
1543,3441767536, ,0,0,0,0,0,0
1544,3441767954, ,0,0,0,0,0,0
1545,3441768476, ,0,0,0,0,0,0
1546,3441797310, ,0,1,0,0,1,0
1547,3441797992, ,0,0,0,0,0,0
1548,3441798320, ,0,1,0,1,1,1
1549,3441798504, ,0,0,0,0,0,0
1550,3441799162, ,0,0,0,0,0,0
1551,3441799330, ,0,0,0,0,0,0
1552,3441827336, ,0,0,0,0,0,0
1553,3441827566, ,0,0,0,0,0,0
1554,3441827774,North Station,1,0,0,1,0,1
1555,3441828046,North Station,1,0,0,0,0,0
1556,3441828254, ,0,1,0,1,1,1
1557,3441828472, ,0,0,0,0,0,0
1558,3441828668, ,0,0,0,0,0,0
1559,3441851988, ,0,0,0,0,0,0
1560,3441852288, ,0,1,0,1,1,1
1561,3441852660, ,0,0,0,0,0,0
1562,3441853028, ,0,0,0,0,0,0
1563,3441853378, ,0,0,0,0,0,0
1564,3441853682, ,0,0,0,0,0,0
1565,3441866810,Boston Common,1,0,0,1,0,1
1566,3441867028,Boston Common,1,0,0,1,0,1
1567,3441867332,Boston Common,1,0,0,1,0,1
1568,3441867492,Boston Common,1,0,0,1,0,1
1569,3441867920,Boston Common,1,0,0,1,0,1
1570,3441886008,Boston Common,1,0,0,1,0,1
1571,3441886560, ,0,1,0,1,1,1
1572,3441886770, ,0,1,0,1,1,1
1573,3441887036, ,0,1,0,1,1,1
1574,3441887170, ,0,0,0,0,0,0
1575,3441887316, ,0,0,0,0,0,0
1576,3441887530, ,0,1,0,1,1,1
1577,3441907310,South Station,1,0,0,0,0,0
1578,3441907526, ,0,0,0,0,0,0
1579,3441907848,Boston Common,1,0,0,1,0,1
1580,3441908594, ,0,0,0,0,0,0
1581,3441908844, ,0,0,0,1,0,1
1582,3441908946, ,0,0,0,0,0,0
1583,3441909134, ,0,0,0,0,0,0
1584,3441920676, ,0,0,0,0,0,0
1585,3441920850, ,0,0,0,0,0,0
1586,3441921254, ,0,1,0,0,1,0
1587,3441941684, ,0,0,0,0,0,0
1588,3441942120, ,0,1,0,0,1,0
1589,3441942302, ,0,0,0,0,0,0
1590,3441942482, ,0,1,0,0,1,0
1591,3441942858, ,0,0,0,0,0,0
1592,3441957456, ,0,0,0,0,0,0
1593,3441958046, ,0,1,0,1,1,1
1594,3441958214, ,0,0,0,0,0,0
1595,3441958542, ,0,0,0,0,0,0
1596,3441959108, ,0,0,0,0,0,0
1597,3441984998, ,0,0,0,0,0,0
1598,3441985382, ,0,0,0,0,0,0
1599,3441985574, ,0,0,0,1,0,1
1600,3441986112, ,0,0,0,1,0,1
1601,3441986528, ,0,1,0,1,1,1
1602,3442000944, ,0,1,0,0,1,0
1603,3442001156, ,0,0,0,0,0,0
1604,3442002212, ,0,0,0,0,0,0
1605,3442002608,Copley Square,1,0,0,1,0,1
1606,3442021558, ,0,0,0,0,0,0
1607,3442021764, ,0,0,0,0,0,0
1608,3442022216, ,0,0,0,0,0,0
1609,3442022422,Sumner Tunnel Entrance,1,0,0,0,0,0
1610,3442022856, ,0,0,0,0,0,0
1611,3442049338, ,0,1,0,1,1,1
1612,3442049982, ,0,0,0,0,0,0
1613,3442050174, ,0,0,0,0,0,0
1614,3442050592, ,0,1,0,1,1,1
1615,3442070364, ,0,0,0,0,0,0
1616,3442070738, ,0,1,0,0,1,0
1617,3442071664, ,0,0,0,0,0,0
1618,3442071838, ,0,0,0,0,0,0
1619,3442072218, ,0,0,0,0,0,0
1620,3442072616,Copley Square,1,0,0,0,0,0
1621,3442087206, ,0,0,0,0,0,0
1622,3442087636, ,0,1,0,1,1,1
1623,3442088420, ,0,0,0,0,0,0
1624,3442110266, ,0,0,0,0,0,0
1625,3442110792, ,0,0,0,0,0,0
1626,3442110970, ,0,0,0,0,0,0
1627,3442111202, ,0,0,0,0,0,0
1628,3442111508, ,0,0,0,0,0,0
1629,3442111722, ,0,0,0,0,0,0
1630,3442111860, ,0,1,0,0,1,0
1631,3442112078, ,0,0,0,0,0,0
1632,3442131660, ,0,1,0,0,1,0
1633,3442131860, ,0,1,0,0,1,0
1634,3442132060, ,0,0,0,0,0,0
1635,3442143508,Copley Square,1,0,0,1,0,1
1636,3442143758, ,0,0,0,0,0,0
1637,3442144062, ,0,1,0,0,1,0
1638,3442144214, ,0,0,0,0,0,0
1639,3442144584, ,0,0,0,0,0,0
1640,3442144752, ,0,0,0,0,0,0
1641,3442157274, ,0,0,0,0,0,0
1642,3442157602, ,0,1,0,0,1,0
1643,3442158440, ,0,0,0,0,0,0
1644,3442158662, ,0,1,0,0,1,0
1645,3442159052, ,0,0,0,1,0,1
1646,3442159302, ,0,1,0,0,1,0
1647,3442171708, ,0,0,0,0,0,0
1648,3442171926, ,0,0,0,0,0,0
1649,3442172328, ,0,0,0,0,0,0
1650,3442172934, ,0,0,0,0,0,0
1651,3442186722, ,0,0,0,0,0,0
1652,3442186890, ,0,0,0,0,0,0
1653,3442187292, ,0,0,0,0,0,0
1654,3442187804, ,0,0,0,0,0,0
1655,3442201912, ,0,1,0,0,1,0
1656,3442202416, ,0,1,0,1,1,1
1657,3442202614, ,0,0,0,0,0,0
1658,3442203272, ,0,1,0,0,1,0
1659,3442203454, ,0,0,0,0,0,0
1660,3442203646, ,0,0,0,0,0,0
1661,3442203948, ,0,0,0,0,0,0
1662,3442234348, ,0,0,0,0,0,0
1663,3442234744, ,0,0,0,0,0,0
1664,3442234868, ,0,0,0,0,0,0
1665,3442235016, ,0,0,0,0,0,0
1666,3442235136, ,0,0,0,0,0,0
1667,3442248200, ,0,0,0,0,0,0
1668,3442249072, ,0,0,0,0,0,0
1669,3442249338, ,0,0,0,0,0,0
1670,3442249602, ,0,0,0,0,0,0
1671,3442250126, ,0,0,0,0,0,0
1672,3442265274, ,0,0,0,0,0,0
1673,3442265490, ,0,0,0,0,0,0
1674,3442265788, ,0,0,0,0,0,0
1675,3442266130, ,0,0,0,0,0,0
1676,3442266434, ,0,0,0,0,0,0
1677,3442266680, ,0,0,0,0,0,0
1678,3442277876, ,0,0,0,0,0,0
1679,3442278082, ,0,0,0,0,0,0
1680,3442278492, ,0,0,0,0,0,0
1681,3442278826, ,0,0,0,0,0,0
1682,3442279254, ,0,0,0,0,0,0
1683,3444990655,Copley Square,1,1,0,1,1,1
1684,3444998065,Copley Square,1,0,0,0,0,0
1685,3445009677,Copley Square,1,0,0,0,0,0
1686,3445025265,Copley Square,1,0,0,0,0,0
1687,3445048015,Copley Square,1,1,0,1,1,1
1688,3445075435,Copley Square,1,0,0,0,0,0
1689,3445134687, ,0,0,0,0,0,0
1690,3445140631, ,0,0,0,0,0,0
1691,3445144231, ,0,0,0,0,0,0
1692,3445148237,Copley Square,1,1,0,1,1,1
1693,3445156887,Copley Square,1,0,0,0,0,0
1694,3445164201,Copley Square,1,0,0,0,0,0
1695,3445206693, ,0,0,0,0,0,0
1696,3445223175, ,0,0,0,0,0,0
1697,3445817138, ,0,0,0,1,0,1
1698,3445821056,Copley Square,1,0,0,0,0,0
1699,3445828660,Copley Square,1,0,0,0,0,0
1700,3445833426,Copley Square,1,0,0,0,0,0
1701,3445836844,Copley Square,1,1,0,0,1,0
1702,3445868954,Copley Square,1,1,0,1,1,1
1703,3445872726,Copley Square,1,0,0,0,0,0
1704,3445877718,Copley Square,1,0,0,0,0,0
1705,3445881242,Copley Square,1,0,0,0,0,0
1706,3445885792, ,0,0,0,0,0,0
1707,3445895980, ,0,0,0,0,0,0
1708,3445920258,Copley Square,1,0,0,0,0,0
1709,3445924348,Copley Square,1,0,0,0,0,0
1710,3445930728,Copley Square,1,0,0,0,0,0
1711,3445968256,Copley Square,1,1,0,1,1,1
1712,3445976416,Copley Square,1,0,0,0,0,0
1713,3445984038,Copley Square,1,0,0,0,0,0
1714,3446014468,Copley Square,1,1,0,1,1,1
1715,3446017534,Copley Square,1,0,0,0,0,0
1716,3446026606, ,0,0,0,0,0,0
1717,3446030730,Copley Square,1,0,0,0,0,0
1718,3446035846,Copley Square,1,0,0,0,0,0
1719,3446044748,Copley Square,1,0,0,0,0,0
1720,3446050000,Copley Square,1,0,0,1,0,1
1721,3446054092,Copley Square,1,1,0,0,1,0
1722,3450316555,Copley Square,1,0,0,0,0,0
1723,3450321611,Copley Square,1,0,0,0,0,0
1724,3450325679,Copley Square,1,0,0,0,0,0
1725,3450337621,Copley Square,1,0,0,0,0,0
1726,3450345301,Copley Square,1,0,0,0,0,0
1727,3450349473,Copley Square,1,0,0,0,0,0
1728,3450354617,Copley Square,1,0,0,0,0,0
1729,3450376715,Copley Square,1,0,0,0,0,0
1730,3450387873,Copley Square,1,0,0,0,0,0
1731,3450438423, ,0,0,0,0,0,0
1732,3450442921, ,0,1,0,1,1,1
1733,3450449185, ,0,0,0,0,0,0
1734,3450452433, ,0,0,0,0,0,0
1735,3450455315, ,0,0,0,0,0,0
1736,3450475497, ,0,0,0,0,0,0
1737,3450482059, ,0,0,0,1,0,1
1738,3450485231, ,0,0,0,0,0,0
1739,3450501879, ,0,1,0,1,1,1
1740,3450516005, ,0,0,0,0,0,0
1741,3450525175, ,0,0,0,1,0,1
1742,3450533537, ,0,0,0,1,0,1
1743,3450538223, ,0,0,0,1,0,1
1744,3451124480, ,0,0,0,1,0,1
1745,3451149428, ,0,1,0,0,1,0
1746,3451157704,Copley Square,1,0,0,0,0,0
1747,3451174728,Copley Square,1,0,0,0,0,0
1748,3451178086,Copley Square,1,0,0,0,0,0
1749,3451197616,Copley Square,1,0,0,0,0,0
1750,3451206694,Copley Square,1,0,0,0,0,0
1751,3451213276, ,0,0,0,0,0,0
1752,3451218558, ,0,0,0,0,0,0
1753,3451224796, ,0,0,0,0,0,0
1754,3451233692, ,0,0,0,0,0,0
1755,3451239854, ,0,0,0,0,0,0
1756,3451243354, ,0,0,0,0,0,0
1757,3451248944, ,0,0,0,0,0,0
1758,3451273704, ,0,0,0,0,0,0
1759,3451283616, ,0,0,0,1,0,1
1760,3451310158, ,0,1,0,1,1,1
1761,3451337142, ,0,0,0,0,0,0
1762,3451375146,Boston Public Garden,1,0,0,0,0,0
1763,3468513803, ,0,1,0,1,1,1
1764,3468647447, ,0,0,0,1,0,1
1765,3468663147, ,0,1,0,1,1,1
1766,3468667861, ,0,0,0,1,0,1
1767,3468671805,Boston Public Garden,1,0,0,0,0,0
1768,3468675415, ,0,1,0,1,1,1
1769,3468686695,Boston Public Garden,1,1,0,1,1,1
1770,3468691703, ,0,1,0,1,1,1
1771,3468694739, ,0,1,0,1,1,1
1772,3468700779, ,0,1,0,1,1,1
1773,3468712487, ,0,0,0,1,0,1
1774,3468716287, ,0,0,0,1,0,1
1775,3468726449, ,0,1,0,1,1,1
1776,3468735545, ,0,1,0,1,1,1
1777,3468739299,Boston Public Garden,1,1,0,1,1,1
1778,3468745279, ,0,1,0,0,1,0
1779,3468756683,Copley Square,1,0,0,0,0,0
1780,3468762299, ,0,1,0,1,1,1
1781,3468765211, ,0,1,0,1,1,1
1782,3468768957, ,0,1,0,1,1,1
1783,3468772193, ,0,1,0,1,1,1
1784,3468796677, ,0,1,0,1,1,1
1785,3469332100, ,0,0,0,0,0,0
1786,3469335502,Copley Square,1,0,0,1,0,1
1787,3469422040,Copley Square,1,0,0,1,0,1
1788,3469426282, ,0,1,0,1,1,1
1789,3469430378, ,0,0,0,0,0,0
1790,3469442640,Boston Public Garden,1,0,0,0,0,0
1791,3469448908, ,0,0,0,1,0,1
1792,3469471498, ,0,1,0,1,1,1
1793,3469491854,Boston Public Garden,1,1,0,1,1,1
1794,3469495324,Boston Public Garden,1,1,0,1,1,1
1795,3469517510, ,0,1,0,1,1,1
1796,3469533016, ,0,1,0,1,1,1
1797,3469535746, ,0,1,0,1,1,1
1798,3469544148, ,0,0,0,1,0,1
1799,3469562140, ,0,1,0,0,1,0
1800,3469565104, ,0,1,0,0,1,0
1801,3469589730, ,0,1,0,1,1,1
1802,3469593192, ,0,1,0,1,1,1
1803,3469597076, ,0,1,0,1,1,1
1804,3469600046, ,0,1,0,1,1,1
1805,3469603964, ,0,1,0,1,1,1
1806,3469613136, ,0,1,0,1,1,1
1807,3471007009, ,0,1,0,1,1,1
1808,3471010385, ,0,1,0,1,1,1
1809,3471038495, ,0,0,0,1,0,1
1810,3471041739, ,0,0,0,1,0,1
1811,3471046945, ,0,0,0,1,0,1
1812,3471064859,Copley Square,1,0,0,0,0,0
1813,3471067653,Copley Square,1,0,0,0,0,0
1814,3471071649, ,0,0,0,0,0,0
1815,3471074669,Copley Square,1,0,0,0,0,0
1816,3471093613,Copley Square,1,0,0,0,0,0
1817,3471097209,Copley Square,1,0,0,0,0,0
1818,3471100631, ,0,0,0,0,0,0
1819,3471115595,Copley Square,1,1,0,1,1,1
1820,3471118721,Copley Square,1,1,0,1,1,1
1821,3471128267,Copley Square,1,0,0,0,0,0
1822,3471137769,Copley Square,1,0,0,0,0,0
1823,3471140723, ,0,0,0,0,0,0
1824,3471143845, ,0,0,0,0,0,0
1825,3471151347, ,0,0,0,0,0,0
1826,3471155085, ,0,0,0,0,0,0
1827,3471166913, ,0,0,0,0,0,0
1828,3471172619, ,0,0,0,0,0,0
1829,3471176127, ,0,0,0,0,0,0
1830,3471179007, ,0,0,0,0,0,0
1831,3471193999, ,0,0,0,0,0,0
1832,3471202045, ,0,0,0,0,0,0
1833,3471215489, ,0,0,0,0,0,0
1834,3471222049, ,0,0,0,0,0,0
1835,3471225609, ,0,0,0,0,0,0
1836,3471265923, ,0,0,0,0,0,0
1837,3471269139, ,0,0,0,0,0,0
1838,3471273559, ,0,1,0,0,1,0
1839,3471277043, ,0,1,0,1,1,1
1840,3471846414, ,0,0,0,1,0,1
1841,3471856434, ,0,0,0,1,0,1
1842,3471862584, ,0,1,0,1,1,1
1843,3471865778, ,0,1,0,1,1,1
1844,3471869872, ,0,1,0,1,1,1
1845,3471872686, ,0,0,0,0,0,0
1846,3471889582,Copley Square,1,0,0,0,0,0
1847,3471917284,Copley Square,1,0,0,0,0,0
1848,3471936678,Copley Square,1,0,0,0,0,0
1849,3471943244,Copley Square,1,0,0,0,0,0
1850,3471946290,Copley Square,1,0,0,0,0,0
1851,3471958930, ,0,0,0,0,0,0
1852,3471969254, ,0,0,0,0,0,0
1853,3471980942, ,0,0,0,0,0,0
1854,3472002820, ,0,0,0,0,0,0
1855,3472009786, ,0,0,0,0,0,0
1856,3472016632, ,0,0,0,0,0,0
1857,3472023312, ,0,0,0,0,0,0
1858,3472041986, ,0,0,0,0,0,0
1859,3472044880, ,0,0,0,0,0,0
1860,3472049850, ,0,0,0,0,0,0
1861,3472053344, ,0,0,0,0,0,0
1862,3472055964, ,0,0,0,0,0,0
1863,3488909311, ,0,0,0,0,0,0
1864,3488913381, ,0,0,0,0,0,0
1865,3488918845, ,0,0,0,0,0,0
1866,3489027663,Boston Public Garden,1,1,0,1,1,1
1867,3489040703, ,0,0,0,0,0,0
1868,3489062199, ,0,0,0,0,0,0
1869,3489068231, ,0,0,0,0,0,0
1870,3489079775, ,0,1,0,0,1,0
1871,3489087003,Boston Public Garden,1,1,0,1,1,1
1872,3489099205, ,0,0,0,0,0,0
1873,3489103383, ,0,0,0,1,0,1
1874,3489107885, ,0,0,0,0,0,0
1875,3489120827, ,0,0,0,1,0,1
1876,3489126191,Copley Square,1,0,0,0,0,0
1877,3489129231, ,0,0,0,0,0,0
1878,3489134979, ,0,0,0,0,0,0
1879,3489141179, ,0,0,0,0,0,0
1880,3489145191,Copley Square,1,0,0,1,0,1
1881,3489154353,Copley Square,1,0,0,1,0,1
1882,3489158593,Copley Square,1,0,0,1,0,1
1883,3489167413,Copley Square,1,0,0,0,0,0
1884,3489169873,Copley Square,1,0,0,0,0,0
1885,3489172291,Copley Square,1,0,0,0,0,0
1886,3489174675, ,0,0,0,0,0,0
1887,3489711558, ,0,1,0,1,1,1
1888,3489717960, ,0,0,0,0,0,0
1889,3489721614, ,0,0,0,0,0,0
1890,3489737562, ,0,0,0,0,0,0
1891,3489741706, ,0,1,0,0,1,0
1892,3489836830, ,0,1,0,0,1,0
1893,3489852120,Boston Public Garden,1,1,0,1,1,1
1894,3489859426, ,0,0,0,0,0,0
1895,3489874022, ,0,0,0,0,0,0
1896,3489885702, ,0,0,0,0,0,0
1897,3489888752, ,0,0,0,0,0,0
1898,3489898720, ,0,1,0,0,1,0
1899,3489904876, ,0,0,0,0,0,0
1900,3489908672, ,0,0,0,0,0,0
1901,3489932730, ,0,0,0,0,0,0
1902,3489947022, ,0,1,0,1,1,1
1903,3489962574,Copley Square,1,0,0,0,0,0
1904,3489965870,Copley Square,1,0,0,0,0,0
1905,3489977028,Copley Square,1,0,0,0,0,0
1906,3489979666,Copley Square,1,0,0,0,0,0
1907,3513132849,Copley Square,1,1,0,1,1,1
