id,
3341809309,
3341809381,
3341809503,
3341809855,
3341810009,
3341810139,
3341810417,
3341810517,
3341810605,
3341810877,
3342643546,
3342643624,
3342643682,
3342643782,
3342643862,
3342643942,
3342644116,
3342644246,
3342644296,
3342644356,
3342644420,
3342644936,
3342645044,
3342645442,
3342645516,
3346182527,
3347018754,
3364819565,
3364822047,
3364822163,
3364822543,
3364822679,
3364822797,
3364822959,
3364823237,
3364823355,
3364848803,
3364848947,
3364849099,
3364849255,
3364849813,
3364850253,
3364865499,
3364865645,
3364865811,
3364865831,
3364866027,
3364866181,
3364866469,
3364880019,
3364888471,
3364938311,
3364938437,
3364938707,
3364973271,
3364973441,
3364973751,
3364974079,
3364974247,
3365014021,
3365014157,
3365014513,
3365044623,
3365044793,
3365044969,
3365045203,
3365045365,
3365045517,
3365046231,
3365057001,
3365057205,
3365058069,
3365058209,
3365090671,
3365090839,
3365108127,
3365108451,
3365109049,
3365543190,
3365643592,
3365644288,
3365664462,
3365670404,
3365671348,
3365671510,
3365671948,
3365688500,
3365688766,
3365688878,
3365689012,
3365753508,
3365760346,
3365760772,
3365761050,
3365761174,
3365761334,
3365761512,
3365761694,
3365795426,
3365795886,
3365796750,
3365796944,
3365797132,
3365836310,
3365836442,
3365836732,
3365836864,
3365837100,
3365837260,
3365837444,
3365867384,
3365867524,
3365867742,
3365878744,
3365879150,
3365879320,
3365879468,
3365879596,
3365879760,
3365907748,
3365907878,
3365908026,
3365908196,
3365913056,
3365913180,
3365930384,
3365930758,
3365930990,
3365931302,
3365931406,
3365931536,
3365931654,
3365949568,
3370573239,
3370583597,
3370591321,
3370599817,
3370607171,
3370614141,
3370619641,
3370639387,
3371446764,
3371455480,
3371466330,
3371470552,
3371476950,
3371482440,
3371489226,
3371493594,
3371498128,
3371503040,
3371507044,
3371512206,
3371515946,
3381533451,
3381608953,
3381609109,
3381609299,
3381609499,
3381609861,
3381610165,
3381610337,
3381610539,
3381625621,
3381625837,
3381626149,
3381626689,
3381626853,
3381627013,
3381641257,
3381641405,
3381641609,
3381641765,
3381680987,
3381681149,
3381681885,
3381682053,
3381682407,
3381682563,
3381706663,
3381706815,
3381706965,
3381707477,
3381707603,
3381731133,
3381731313,
3381731479,
3381731631,
3381731741,
3381731881,
3381731971,
3381732125,
3381732285,
3381781519,
3381782025,
3381782201,
3381782393,
3381782603,
3381798463,
3381799009,
3381799157,
3381799247,
3381799727,
3381820397,
3381820511,
3381820673,
3381821169,
3381821467,
3381821629,
3381821789,
3381864509,
3381864651,
3381864835,
3381865119,
3381865221,
3381865735,
3381881225,
3381881353,
3381881789,
3381881943,
3381882127,
3381905553,
3381905921,
3381906031,
3381906283,
3381906415,
3381906703,
3381906817,
3381943473,
3381943671,
3381943879,
3381944051,
3381944505,
3381944617,
3381963193,
3381963403,
3381963879,
3381964161,
3381964413,
3381965465,
3381979017,
3381979227,
3381979457,
3381979697,
3381980189,
3381980359,
3381980649,
3381980869,
3382002403,
3382002667,
3382003429,
3382004143,
3382004397,
3382351726,
3382351884,
3382352146,
3382352238,
3382352392,
3382352500,
3382352590,
3382352722,
3382352792,
3382428366,
3382428718,
3382444270,
3382444794,
3382445150,
3382445318,
3382459180,
3382459372,
3382459560,
3382459712,
3382460488,
3382460738,
3382499470,
3382499672,
3382499856,
3382500304,
3382524410,
3382524574,
3382525266,
3382525400,
3382525914,
3382550390,
3382599552,
3382599924,
3382600076,
3382600772,
3382616654,
3382616794,
3382617366,
3382617472,
3382617572,
3382639032,
3382639188,
3382639522,
3382682736,
3382683236,
3382683686,
3382683898,
3382698718,
3382698960,
3382699530,
3382723642,
3382724028,
3382724424,
3382761998,
3382762106,
3382762610,
3382762764,
3382781354,
3382782446,
3382782668,
3382783006,
3382796488,
3382797554,
3382820518,
3382820704,
3382821146,
3382821412,
3382822136,
3384298333,
3384298455,
3384299035,
3384299183,
3384325153,
3384325365,
3384325885,
3384326095,
3384326495,
3384343549,
3384343747,
3384343989,
3384344221,
3384344373,
3384344675,
3384357905,
3384358873,
3384359013,
3384372107,
3384372505,
3384372641,
3384372845,
3384373549,
3384373855,
3384374053,
3384386607,
3384386825,
3384387549,
3384387667,
3384388123,
3384401615,
3384401797,
3384401939,
3384402071,
3384402321,
3384402453,
3384402605,
3384402747,
3384402939,
3384423897,
3384424055,
3384427741,
3384427895,
3384428033,
3384434793,
3384499381,
3384499565,
3384499783,
3384500163,
3384500301,
3384529647,
3384530209,
3384530807,
3384530963,
3384544963,
3384545133,
3384545537,
3384545655,
3384545815,
3384603593,
3384603901,
3384604519,
3384604785,
3384605291,
3384605779,
3384649341,
3384649615,
3384649881,
3384650091,
3384650627,
3384667555,
3384668161,
3384668705,
3384669419,
3384669577,
3384688423,
3384689287,
3384689605,
3384726571,
3384726727,
3384726845,
3384726991,
3384727221,
3384727335,
3384727445,
3384727511,
3384727609,
3384736965,
3384737287,
3384737469,
3384737859,
3384738073,
3384738227,
3385111906,
3385112064,
3385112300,
3385112738,
3385112876,
3385113032,
3385139400,
3385139596,
3385139784,
3385139944,
3385140548,
3385158122,
3385159062,
3385159202,
3385159322,
3385172064,
3385172242,
3385172556,
3385172708,
3385172866,
3385173052,
3385173224,
3385186564,
3385187266,
3385187514,
3385201732,
3385201992,
3385202482,
3385202634,
3385203052,
3385217004,
3385242048,
3385242282,
3385242938,
3385243076,
3385312956,
3385313090,
3385313302,
3385313482,
3385314278,
3385343818,
3385344076,
3385344240,
3385344392,
3385344866,
3385358472,
3385358686,
3385358880,
3385359074,
3385359630,
3385418380,
3385418828,
3385419530,
3385420020,
3385463390,
3385463632,
3385463908,
3385465242,
3385465728,
3385483310,
3385483792,
3385484394,
3385484578,
3385485218,
3385503352,
3385503544,
3385503680,
3385503818,
3385503942,
3385504286,
3385504564,
3385516158,
3385516348,
3385516512,
3385516616,
3385541848,
3385551696,
3385552000,
3385552482,
3385553134,
3387630203,
3387691103,
3387730811,
3387740085,
3387755361,
3387759645,
3387765577,
3387787179,
3387812533,
3387827447,
3388446428,
3388502062,
3388515492,
3388541262,
3388552306,
3388556200,
3388576046,
3388582190,
3388587916,
3388597906,
3388605914,
3388609486,
3388622786,
3388629066,
3389939173,
3389942779,
3389957849,
3389963077,
3389967235,
3389972523,
3389985447,
3389992663,
3389997039,
3390000741,
3390019095,
3390033633,
3390046633,
3390057457,
3390108545,
3390112979,
3390135627,
3390145597,
3390154011,
3390157355,
3390165183,
3390748024,
3390760216,
3390765084,
3390793374,
3390835216,
3390841036,
3390850472,
3390953210,
3390962276,
3390972934,
3390981064,
3390984420,
3390988224,
3390991080,
3400923347,
3400923901,
3400924239,
3400949987,
3400950145,
3400950859,
3400951035,
3400980179,
3400980475,
3400980631,
3400980895,
3400981291,
3401012237,
3401012435,
3401012585,
3401013319,
3401013473,
3401032959,
3401033117,
3401033429,
3401033551,
3401033817,
3401033961,
3401034099,
3401065767,
3401066183,
3401066883,
3401067053,
3401078797,
3401079081,
3401079569,
3401079737,
3401079913,
3401113917,
3401114895,
3401115429,
3401133231,
3401133641,
3401133791,
3401133983,
3401134177,
3401134343,
3401134479,
3401169609,
3401169905,
3401170113,
3401170519,
3401170783,
3401171135,
3401188489,
3401188899,
3401189393,
3401189537,
3401189881,
3401213749,
3401213877,
3401214057,
3401214283,
3401214437,
3401214567,
3401214703,
3401215101,
3401231451,
3401231641,
3401231905,
3401232757,
3401258115,
3401258385,
3401258903,
3401259071,
3401259401,
3401259589,
3401284723,
3401284955,
3401285137,
3401285401,
3401285593,
3401286311,
3401286479,
3401315027,
3401315729,
3401316901,
3401317083,
3401359163,
3401359465,
3401359693,
3401360521,
3401360705,
3401361175,
3401373807,
3401374909,
3401375715,
3401728134,
3401728388,
3401728464,
3401728608,
3401728948,
3401729286,
3401729474,
3401754592,
3401755094,
3401755280,
3401755446,
3401755608,
3401756056,
3401784504,
3401784794,
3401785220,
3401785500,
3401785650,
3401816968,
3401817122,
3401817262,
3401817422,
3401817862,
3401836882,
3401837320,
3401837820,
3401870310,
3401870770,
3401870948,
3401871104,
3401871510,
3401871624,
3401883524,
3401883808,
3401883956,
3401884618,
3401917492,
3401917682,
3401918064,
3401918318,
3401918454,
3401918630,
3401919154,
3401937336,
3401938548,
3401938708,
3401973244,
3401973586,
3401974214,
3401974950,
3401992744,
3401993084,
3401993210,
3401993752,
3401994140,
3402017920,
3402019234,
3402035242,
3402035442,
3402036300,
3402036448,
3402036648,
3402036978,
3402062738,
3402062884,
3402063432,
3402064102,
3402088808,
3402090260,
3402090484,
3402119646,
3402119918,
3402120346,
3402120580,
3402120752,
3402121016,
3402164896,
3402165110,
3402165350,
3402165946,
3402178630,
3402179072,
3402179370,
3402179624,
3402179766,
3402180278,
3402180566,
3403697309,
3403697505,
3403697661,
3403698013,
3403698131,
3403698355,
3403698861,
3403709487,
3403710189,
3403710401,
3403710725,
3403710889,
3403726323,
3403727521,
3403727703,
3403727867,
3403746573,
3403747215,
3403747705,
3403772981,
3403773189,
3403773353,
3403773501,
3403773663,
3403774379,
3403796091,
3403796293,
3403796803,
3403796959,
3403797309,
3403797419,
3403825139,
3403825409,
3403825907,
3403826137,
3403843949,
3403844327,
3403859895,
3403860075,
3403860421,
3403860571,
3403861147,
3403861295,
3403889405,
3403889563,
3403890635,
3403906725,
3403906909,
3403907113,
3403907345,
3403937703,
3403938021,
3403938331,
3403939091,
3403960463,
3403960685,
3403961375,
3403962035,
3403988399,
3403988687,
3403988807,
3403989271,
3403989557,
3403989647,
3404010211,
3404011017,
3404047483,
3404047641,
3404047999,
3404048427,
3404048707,
3404048857,
3404049289,
3404073619,
3404074543,
3404074811,
3404118035,
3404118257,
3404118535,
3404119057,
3404119423,
3404131249,
3404131565,
3404131729,
3404131927,
3404132123,
3404132765,
3404508676,
3404509406,
3404509618,
3404520404,
3404520590,
3404520842,
3404521442,
3404521942,
3404536996,
3404537172,
3404537286,
3404537438,
3404537608,
3404537860,
3404557046,
3404557294,
3404557458,
3404557582,
3404557836,
3404557992,
3404558314,
3404583332,
3404584310,
3404584462,
3404584656,
3404606212,
3404606342,
3404606444,
3404606940,
3404635820,
3404636206,
3404636616,
3404636876,
3404636994,
3404637128,
3404654220,
3404654320,
3404654574,
3404654820,
3404655052,
3404655236,
3404655450,
3404655522,
3404670472,
3404670936,
3404671142,
3404671598,
3404699030,
3404699504,
3404699672,
3404699848,
3404699952,
3404700184,
3404700540,
3404716760,
3404717648,
3404717838,
3404718090,
3404718268,
3404747888,
3404748218,
3404748716,
3404748916,
3404749086,
3404749216,
3404771980,
3404772118,
3404772236,
3404772668,
3404772870,
3404773332,
3404799584,
3404799942,
3404800054,
3404800762,
3404820446,
3404820584,
3404820746,
3404821216,
3404821392,
3404821652,
3404822008,
3404822126,
3404858886,
3404859256,
3404860212,
3404884890,
3404885266,
3404885456,
3404885592,
3404885838,
3404886142,
3404929002,
3404929834,
3404930284,
3404930694,
3404930902,
3404942350,
3404942666,
3404943566,
3404943782,
3407127921,
3407148951,
3407182621,
3407190311,
3407196135,
3407202767,
3407215081,
3407231033,
3407246641,
3407260145,
3407264541,
3407267721,
3407270717,
3407276809,
3407281075,
3407286479,
3407289681,
3407295479,
3407303351,
3407308501,
3407318661,
3407330717,
3407941806,
3407967322,
3407993652,
3408006370,
3408014146,
3408019446,
3408026976,
3408035356,
3408043090,
3408048026,
3408059032,
3408122022,
3408131130,
3409487277,
3409496007,
3409508227,
3409520101,
3409544867,
3409568925,
3409584085,
3409605561,
3409609077,
3409643075,
3409662313,
3409666681,
3409679049,
3409681687,
3409685659,
3409688735,
3409694625,
3409716309,
3409720685,
3409723621,
3410293454,
3410302618,
3410315132,
3410324530,
3410333258,
3410336270,
3410357934,
3410363488,
3410366044,
3410383068,
3410389876,
3410397394,
3410448004,
3410457340,
3410460886,
3410465140,
3410467760,
3410482696,
3410485298,
3410501938,
3410509870,
3410513914,
3410517216,
3420541629,
3420541985,
3420542137,
3420542327,
3420542531,
3420543189,
3420569457,
3420570273,
3420570429,
3420570559,
3420601563,
3420601819,
3420602197,
3420602317,
3420602451,
3420621683,
3420622611,
3420622869,
3420623565,
3420623827,
3420644213,
3420644327,
3420645047,
3420675127,
3420675653,
3420675815,
3420675965,
3420698323,
3420698531,
3420698919,
3420699255,
3420699413,
3420699733,
3420722259,
3420722689,
3420737543,
3420737807,
3420738301,
3420738555,
3420739039,
3420739413,
3420757333,
3420757513,
3420757685,
3420758651,
3420774967,
3420775121,
3420775277,
3420775627,
3420775825,
3420776043,
3420776757,
3420798185,
3420798389,
3420798759,
3420799679,
3420799861,
3420849851,
3420850057,
3420850221,
3420850981,
3420851307,
3420851479,
3420869869,
3420870905,
3421349756,
3421350658,
3421350834,
3421350998,
3421378236,
3421378418,
3421378642,
3421378748,
3421379270,
3421410250,
3421410374,
3421410968,
3421411168,
3421411340,
3421429620,
3421429806,
3421429960,
3421431606,
3421431838,
3421452308,
3421452920,
3421453154,
3421453320,
3421453610,
3421453770,
3421453886,
3421482250,
3421482436,
3421482684,
3421482860,
3421483120,
3421483318,
3421506338,
3421506456,
3421506750,
3421507164,
3421530368,
3421545854,
3421546604,
3421547070,
3421547404,
3421565500,
3421565690,
3421566416,
3421566616,
3421566784,
3421567000,
3421584086,
3421584938,
3421585154,
3421606454,
3421607044,
3421607456,
3421607760,
3421607972,
3421658278,
3421658426,
3421658598,
3421659014,
3421677800,
3421678026,
3421678232,
3421678452,
3421678874,
3421679082,
3421679374,
3421679564,
3423257275,
3423257421,
3423258081,
3423258607,
3423258751,
3423277535,
3423277793,
3423278163,
3423278789,
3423279057,
3423279419,
3423289755,
3423289979,
3423290219,
3423290639,
3423290913,
3423291293,
3423303469,
3423304117,
3423304313,
3423304711,
3423304851,
3423327979,
3423328119,
3423328431,
3423329087,
3423329321,
3423329643,
3423354711,
3423355177,
3423355529,
3423371169,
3423371533,
3423371663,
3423371799,
3423372035,
3423372393,
3423400367,
3423400537,
3423401283,
3423401511,
3423401807,
3423424405,
3423424529,
3423424697,
3423425383,
3423425531,
3423425695,
3423426031,
3423454463,
3423454651,
3423454881,
3423455101,
3423455323,
3423455549,
3423455743,
3423470927,
3423471269,
3423471627,
3423472043,
3423472267,
3423472439,
3423472673,
3423481603,
3423481785,
3423481937,
3423509575,
3423509699,
3423509785,
3423509967,
3423510243,
3423530921,
3423531085,
3423531197,
3423531407,
3423531575,
3423531851,
3423552905,
3423566541,
3423566675,
3423566915,
3423566991,
3423567153,
3423567281,
3423567375,
3423567641,
3423583517,
3423583741,
3423584365,
3423608907,
3423609071,
3423609669,
3423610123,
3423610859,
3423644643,
3423645177,
3423645589,
3423670741,
3423671701,
3423671849,
3423672061,
3423687625,
3423689241,
3423701739,
3423702105,
3424064024,
3424064598,
3424064842,
3424065304,
3424065486,
3424085672,
3424086158,
3424086330,
3424086918,
3424097900,
3424098676,
3424098958,
3424110870,
3424111266,
3424111428,
3424111616,
3424112238,
3424136150,
3424136522,
3424136758,
3424137370,
3424161634,
3424161762,
3424161968,
3424162110,
3424162420,
3424162592,
3424162910,
3424178924,
3424179280,
3424180276,
3424180692,
3424208506,
3424209100,
3424209328,
3424209528,
3424210016,
3424233314,
3424233474,
3424234340,
3424262178,
3424262394,
3424264018,
3424279242,
3424279562,
3424279960,
3424290356,
3424290512,
3424318092,
3424318306,
3424339476,
3424339662,
3424339874,
3424339968,
3424359902,
3424359974,
3424360072,
3424360134,
3424360262,
3424360346,
3424360462,
3424360552,
3424360750,
3424374566,
3424375306,
3424390606,
3424390724,
3424390770,
3424390860,
3424390974,
3424391320,
3424391502,
3424416392,
3424416590,
3424417018,
3424417472,
3424417680,
3424450070,
3424450350,
3424450498,
3424450728,
3424450962,
3424451530,
3424451964,
3424477412,
3424477618,
3424477830,
3424478352,
3424478532,
3424478648,
3424494606,
3424495120,
3424495400,
3424495612,
3424495828,
3424496042,
3424496330,
3424496774,
3424507576,
3424507824,
3424508026,
3424508274,
3424508594,
3424508868,
3424509094,
3424509396,
3426750745,
3426755043,
3426758551,
3426771573,
3426775677,
3426780469,
3426786035,
3426794699,
3426802443,
3426805815,
3426817315,
3426869041,
3426877197,
3426898991,
3426907543,
3427554140,
3427570216,
3427598836,
3427608426,
3427617694,
3427621850,
3427634116,
3427637310,
3427641356,
3427662110,
3427669658,
3427680554,
3427683182,
3427688190,
3427698494,
3427700852,
3427704442,
3427710546,
3429245615,
3429251117,
3429277789,
3429283125,
3429293583,
3429303107,
3429323353,
3429333399,
3429342313,
3429358279,
3429362241,
3429369095,
3429401581,
3429405023,
3429414885,
3429418021,
3429421339,
3429425041,
3430052842,
3430068702,
3430079420,
3430102464,
3430123746,
3430159540,
3430163062,
3430168226,
3430178960,
3430185506,
3430208312,
3430211996,
3430242620,
3430246030,
3430250480,
3430254764,
3440931611,
3440931813,
3440932245,
3440932419,
3440932805,
3440933161,
3440954059,
3440954427,
3440954527,
3440954951,
3440955293,
3440955433,
3440984557,
3440984795,
3440985737,
3440985895,
3441015579,
3441015829,
3441016015,
3441039095,
3441039413,
3441039745,
3441039993,
3441053539,
3441054065,
3441054485,
3441054707,
3441054841,
3441072211,
3441072509,
3441072709,
3441094395,
3441094611,
3441094797,
3441106723,
3441106959,
3441107685,
3441108153,
3441127657,
3441127887,
3441128309,
3441129087,
3441129461,
3441143917,
3441144103,
3441144657,
3441144995,
3441145145,
3441171555,
3441172149,
3441172329,
3441172753,
3441173095,
3441187919,
3441188135,
3441188363,
3441188627,
3441189095,
3441189395,
3441207579,
3441208213,
3441208943,
3441209355,
3441209555,
3441234785,
3441235063,
3441235349,
3441235753,
3441235997,
3441236655,
3441256727,
3441257505,
3441257709,
3441258623,
3441272677,
3441272897,
3441273041,
3441273567,
3441274061,
3441274303,
3441274831,
3441295845,
3441296303,
3441316899,
3441317193,
3441317381,
3441317595,
3441317669,
3441317859,
3441318083,
3441329475,
3441329929,
3441330011,
3441330455,
3441343789,
3441344027,
3441344681,
3441345289,
3441356909,
3441357205,
3441357349,
3441358105,
3441358583,
3441358739,
3441372037,
3441372209,
3441372435,
3441373003,
3441373261,
3441373561,
3441387949,
3441388769,
3441388943,
3441420537,
3441420659,
3441421389,
3441421561,
3441421725,
3441434543,
3441435019,
3441435227,
3441435397,
3441436321,
3441452745,
3441452975,
3441453173,
3441453375,
3441463813,
3441464241,
3441464661,
3441743724,
3441744408,
3441745024,
3441745418,
3441767042,
3441767536,
3441767954,
3441768476,
3441797310,
3441797992,
3441798320,
3441798504,
3441799162,
3441799330,
3441827336,
3441827566,
3441827774,
3441828046,
3441828254,
3441828472,
3441828668,
3441851988,
3441852288,
3441852660,
3441853028,
3441853378,
3441853682,
3441866810,
3441867028,
3441867332,
3441867492,
3441867920,
3441886008,
3441886560,
3441886770,
3441887036,
3441887170,
3441887316,
3441887530,
3441907310,
3441907526,
3441907848,
3441908594,
3441908844,
3441908946,
3441909134,
3441920676,
3441920850,
3441921254,
3441941684,
3441942120,
3441942302,
3441942482,
3441942858,
3441957456,
3441958046,
3441958214,
3441958542,
3441959108,
3441984998,
3441985382,
3441985574,
3441986112,
3441986528,
3442000944,
3442001156,
3442002212,
3442002608,
3442021558,
3442021764,
3442022216,
3442022422,
3442022856,
3442049338,
3442049982,
3442050174,
3442050592,
3442070364,
3442070738,
3442071664,
3442071838,
3442072218,
3442072616,
3442087206,
3442087636,
3442088420,
3442110266,
3442110792,
3442110970,
3442111202,
3442111508,
3442111722,
3442111860,
3442112078,
3442131660,
3442131860,
3442132060,
3442143508,
3442143758,
3442144062,
3442144214,
3442144584,
3442144752,
3442157274,
3442157602,
3442158440,
3442158662,
3442159052,
3442159302,
3442171708,
3442171926,
3442172328,
3442172934,
3442186722,
3442186890,
3442187292,
3442187804,
3442201912,
3442202416,
3442202614,
3442203272,
3442203454,
3442203646,
3442203948,
3442234348,
3442234744,
3442234868,
3442235016,
3442235136,
3442248200,
3442249072,
3442249338,
3442249602,
3442250126,
3442265274,
3442265490,
3442265788,
3442266130,
3442266434,
3442266680,
3442277876,
3442278082,
3442278492,
3442278826,
3442279254,
3444990655,
3444998065,
3445009677,
3445025265,
3445048015,
3445075435,
3445134687,
3445140631,
3445144231,
3445148237,
3445156887,
3445164201,
3445206693,
3445223175,
3445817138,
3445821056,
3445828660,
3445833426,
3445836844,
3445868954,
3445872726,
3445877718,
3445881242,
3445885792,
3445895980,
3445920258,
3445924348,
3445930728,
3445968256,
3445976416,
3445984038,
3446014468,
3446017534,
3446026606,
3446030730,
3446035846,
3446044748,
3446050000,
3446054092,
3450316555,
3450321611,
3450325679,
3450337621,
3450345301,
3450349473,
3450354617,
3450376715,
3450387873,
3450438423,
3450442921,
3450449185,
3450452433,
3450455315,
3450475497,
3450482059,
3450485231,
3450501879,
3450516005,
3450525175,
3450533537,
3450538223,
3451124480,
3451149428,
3451157704,
3451174728,
3451178086,
3451197616,
3451206694,
3451213276,
3451218558,
3451224796,
3451233692,
3451239854,
3451243354,
3451248944,
3451273704,
3451283616,
3451310158,
3451337142,
3451375146,
3468513803,
3468647447,
3468663147,
3468667861,
3468671805,
3468675415,
3468686695,
3468691703,
3468694739,
3468700779,
3468712487,
3468716287,
3468726449,
3468735545,
3468739299,
3468745279,
3468756683,
3468762299,
3468765211,
3468768957,
3468772193,
3468796677,
3469332100,
3469335502,
3469422040,
3469426282,
3469430378,
3469442640,
3469448908,
3469471498,
3469491854,
3469495324,
3469517510,
3469533016,
3469535746,
3469544148,
3469562140,
3469565104,
3469589730,
3469593192,
3469597076,
3469600046,
3469603964,
3469613136,
3471007009,
3471010385,
3471038495,
3471041739,
3471046945,
3471064859,
3471067653,
3471071649,
3471074669,
3471093613,
3471097209,
3471100631,
3471115595,
3471118721,
3471128267,
3471137769,
3471140723,
3471143845,
3471151347,
3471155085,
3471166913,
3471172619,
3471176127,
3471179007,
3471193999,
3471202045,
3471215489,
3471222049,
3471225609,
3471265923,
3471269139,
3471273559,
3471277043,
3471846414,
3471856434,
3471862584,
3471865778,
3471869872,
3471872686,
3471889582,
3471917284,
3471936678,
3471943244,
3471946290,
3471958930,
3471969254,
3471980942,
3472002820,
3472009786,
3472016632,
3472023312,
3472041986,
3472044880,
3472049850,
3472053344,
3472055964,
3488909311,
3488913381,
3488918845,
3489027663,
3489040703,
3489062199,
3489068231,
3489079775,
3489087003,
3489099205,
3489103383,
3489107885,
3489120827,
3489126191,
3489129231,
3489134979,
3489141179,
3489145191,
3489154353,
3489158593,
3489167413,
3489169873,
3489172291,
3489174675,
3489711558,
3489717960,
3489721614,
3489737562,
3489741706,
3489836830,
3489852120,
3489859426,
3489874022,
3489885702,
3489888752,
3489898720,
3489904876,
3489908672,
3489932730,
3489947022,
3489962574,
3489965870,
3489977028,
3489979666,
3513132849,
